FilePath, Cyclomatic, CountLines, Class
lang/java/avro/src/main/java/org/apache/avro/AvroMissingFieldException.java,4,22,not-bug-prone
lang/java/avro/src/main/java/org/apache/avro/AvroRemoteException.java,7,21,not-bug-prone
lang/java/avro/src/main/java/org/apache/avro/AvroRuntimeException.java,3,12,not-bug-prone
lang/java/avro/src/main/java/org/apache/avro/AvroTypeException.java,2,9,not-bug-prone
lang/java/avro/src/main/java/org/apache/avro/Conversion.java,26,89,not-bug-prone
lang/java/avro/src/main/java/org/apache/avro/Conversions.java,32,167,not-bug-prone
lang/java/avro/src/main/java/org/apache/avro/InvalidAvroMagicException.java,1,7,not-bug-prone
lang/java/avro/src/main/java/org/apache/avro/InvalidNumberEncodingException.java,1,7,not-bug-prone
lang/java/avro/src/main/java/org/apache/avro/JsonProperties.java,27,150,not-bug-prone
lang/java/avro/src/main/java/org/apache/avro/LogicalType.java,6,28,not-bug-prone
lang/java/avro/src/main/java/org/apache/avro/LogicalTypes.java,26,271,not-bug-prone
lang/java/avro/src/main/java/org/apache/avro/Protocol.java,87,472,bug-prone
lang/java/avro/src/main/java/org/apache/avro/Resolver.java,48,449,not-bug-prone
lang/java/avro/src/main/java/org/apache/avro/Schema.java,196,1488,bug-prone
lang/java/avro/src/main/java/org/apache/avro/SchemaBuilder.java,16,1201,not-bug-prone
lang/java/avro/src/main/java/org/apache/avro/SchemaBuilderException.java,2,9,not-bug-prone
lang/java/avro/src/main/java/org/apache/avro/SchemaCompatibility.java,14,543,not-bug-prone
lang/java/avro/src/main/java/org/apache/avro/SchemaNormalization.java,27,119,not-bug-prone
lang/java/avro/src/main/java/org/apache/avro/SchemaParseException.java,2,9,not-bug-prone
lang/java/avro/src/main/java/org/apache/avro/SchemaValidationException.java,3,12,not-bug-prone
lang/java/avro/src/main/java/org/apache/avro/SchemaValidationStrategy.java,0,4,not-bug-prone
lang/java/avro/src/main/java/org/apache/avro/SchemaValidator.java,0,4,not-bug-prone
lang/java/avro/src/main/java/org/apache/avro/SchemaValidatorBuilder.java,8,33,not-bug-prone
lang/java/avro/src/main/java/org/apache/avro/UnknownAvroCodecException.java,1,7,not-bug-prone
lang/java/avro/src/main/java/org/apache/avro/UnresolvedUnionException.java,3,16,not-bug-prone
lang/java/avro/src/main/java/org/apache/avro/ValidateAll.java,3,13,not-bug-prone
lang/java/avro/src/main/java/org/apache/avro/ValidateCanBeRead.java,1,7,not-bug-prone
lang/java/avro/src/main/java/org/apache/avro/ValidateCanRead.java,1,7,not-bug-prone
lang/java/avro/src/main/java/org/apache/avro/ValidateLatest.java,3,16,not-bug-prone
lang/java/avro/src/main/java/org/apache/avro/ValidateMutualRead.java,4,22,not-bug-prone
lang/java/avro/src/main/java/org/apache/avro/data/ErrorBuilder.java,0,11,not-bug-prone
lang/java/avro/src/main/java/org/apache/avro/data/JodaTimeConversions.java,0,128,not-bug-prone
lang/java/avro/src/main/java/org/apache/avro/data/Json.java,30,171,not-bug-prone
lang/java/avro/src/main/java/org/apache/avro/data/RecordBuilder.java,0,4,not-bug-prone
lang/java/avro/src/main/java/org/apache/avro/data/RecordBuilderBase.java,24,96,not-bug-prone
lang/java/avro/src/main/java/org/apache/avro/data/TimeConversions.java,0,149,not-bug-prone
lang/java/avro/src/main/java/org/apache/avro/file/BZip2Codec.java,9,60,not-bug-prone
lang/java/avro/src/main/java/org/apache/avro/file/Codec.java,2,19,not-bug-prone
lang/java/avro/src/main/java/org/apache/avro/file/CodecFactory.java,13,63,not-bug-prone
lang/java/avro/src/main/java/org/apache/avro/file/DataFileConstants.java,1,18,not-bug-prone
lang/java/avro/src/main/java/org/apache/avro/file/DataFileReader.java,27,183,not-bug-prone
lang/java/avro/src/main/java/org/apache/avro/file/DataFileReader12.java,34,174,not-bug-prone
lang/java/avro/src/main/java/org/apache/avro/file/DataFileStream.java,49,279,not-bug-prone
lang/java/avro/src/main/java/org/apache/avro/file/DataFileWriter.java,51,310,not-bug-prone
lang/java/avro/src/main/java/org/apache/avro/file/DeflateCodec.java,16,87,not-bug-prone
lang/java/avro/src/main/java/org/apache/avro/file/FileReader.java,0,13,not-bug-prone
lang/java/avro/src/main/java/org/apache/avro/file/NullCodec.java,6,35,not-bug-prone
lang/java/avro/src/main/java/org/apache/avro/file/SeekableByteArrayInput.java,4,21,not-bug-prone
lang/java/avro/src/main/java/org/apache/avro/file/SeekableFileInput.java,5,25,not-bug-prone
lang/java/avro/src/main/java/org/apache/avro/file/SeekableInput.java,0,9,not-bug-prone
lang/java/avro/src/main/java/org/apache/avro/file/SnappyCodec.java,8,56,not-bug-prone
lang/java/avro/src/main/java/org/apache/avro/file/Syncable.java,0,5,not-bug-prone
lang/java/avro/src/main/java/org/apache/avro/file/SyncableFileOutputStream.java,6,27,not-bug-prone
lang/java/avro/src/main/java/org/apache/avro/file/XZCodec.java,11,73,not-bug-prone
lang/java/avro/src/main/java/org/apache/avro/file/ZstandardCodec.java,9,70,not-bug-prone
lang/java/avro/src/main/java/org/apache/avro/file/ZstandardLoader.java,2,16,not-bug-prone
lang/java/avro/src/main/java/org/apache/avro/generic/GenericArray.java,2,11,not-bug-prone
lang/java/avro/src/main/java/org/apache/avro/generic/GenericContainer.java,0,5,not-bug-prone
lang/java/avro/src/main/java/org/apache/avro/generic/GenericData.java,229,984,bug-prone
lang/java/avro/src/main/java/org/apache/avro/generic/GenericDatumReader.java,110,400,bug-prone
lang/java/avro/src/main/java/org/apache/avro/generic/GenericDatumWriter.java,53,217,not-bug-prone
lang/java/avro/src/main/java/org/apache/avro/generic/GenericEnumSymbol.java,0,5,not-bug-prone
lang/java/avro/src/main/java/org/apache/avro/generic/GenericFixed.java,0,4,not-bug-prone
lang/java/avro/src/main/java/org/apache/avro/generic/GenericRecord.java,0,5,not-bug-prone
lang/java/avro/src/main/java/org/apache/avro/generic/GenericRecordBuilder.java,32,117,not-bug-prone
lang/java/avro/src/main/java/org/apache/avro/generic/IndexedRecord.java,0,5,not-bug-prone
lang/java/avro/src/main/java/org/apache/avro/io/BinaryData.java,81,326,not-bug-prone
lang/java/avro/src/main/java/org/apache/avro/io/BinaryDecoder.java,76,665,not-bug-prone
lang/java/avro/src/main/java/org/apache/avro/io/BinaryEncoder.java,17,76,not-bug-prone
lang/java/avro/src/main/java/org/apache/avro/io/BlockingBinaryEncoder.java,60,369,not-bug-prone
lang/java/avro/src/main/java/org/apache/avro/io/BufferedBinaryEncoder.java,27,149,not-bug-prone
lang/java/avro/src/main/java/org/apache/avro/io/DatumReader.java,0,7,not-bug-prone
lang/java/avro/src/main/java/org/apache/avro/io/DatumWriter.java,0,7,not-bug-prone
lang/java/avro/src/main/java/org/apache/avro/io/Decoder.java,1,30,not-bug-prone
lang/java/avro/src/main/java/org/apache/avro/io/DecoderFactory.java,22,88,not-bug-prone
lang/java/avro/src/main/java/org/apache/avro/io/DirectBinaryDecoder.java,25,147,not-bug-prone
lang/java/avro/src/main/java/org/apache/avro/io/DirectBinaryEncoder.java,17,75,not-bug-prone
lang/java/avro/src/main/java/org/apache/avro/io/Encoder.java,7,51,not-bug-prone
lang/java/avro/src/main/java/org/apache/avro/io/EncoderFactory.java,20,85,not-bug-prone
lang/java/avro/src/main/java/org/apache/avro/io/JsonDecoder.java,86,420,bug-prone
lang/java/avro/src/main/java/org/apache/avro/io/JsonEncoder.java,44,219,not-bug-prone
lang/java/avro/src/main/java/org/apache/avro/io/ParsingDecoder.java,16,49,not-bug-prone
lang/java/avro/src/main/java/org/apache/avro/io/ParsingEncoder.java,8,34,not-bug-prone
lang/java/avro/src/main/java/org/apache/avro/io/ResolvingDecoder.java,51,206,not-bug-prone
lang/java/avro/src/main/java/org/apache/avro/io/ValidatingDecoder.java,39,189,not-bug-prone
lang/java/avro/src/main/java/org/apache/avro/io/ValidatingEncoder.java,27,148,not-bug-prone
lang/java/avro/src/main/java/org/apache/avro/io/parsing/JsonGrammarGenerator.java,18,57,not-bug-prone
lang/java/avro/src/main/java/org/apache/avro/io/parsing/Parser.java,24,93,not-bug-prone
lang/java/avro/src/main/java/org/apache/avro/io/parsing/ResolvingGrammarGenerator.java,68,254,not-bug-prone
lang/java/avro/src/main/java/org/apache/avro/io/parsing/SkipParser.java,7,40,not-bug-prone
lang/java/avro/src/main/java/org/apache/avro/io/parsing/Symbol.java,47,463,bug-prone
lang/java/avro/src/main/java/org/apache/avro/io/parsing/ValidatingGrammarGenerator.java,19,83,not-bug-prone
lang/java/avro/src/main/java/org/apache/avro/message/BadHeaderException.java,1,7,not-bug-prone
lang/java/avro/src/main/java/org/apache/avro/message/BinaryMessageDecoder.java,15,72,not-bug-prone
lang/java/avro/src/main/java/org/apache/avro/message/BinaryMessageEncoder.java,4,50,not-bug-prone
lang/java/avro/src/main/java/org/apache/avro/message/MessageDecoder.java,0,44,not-bug-prone
lang/java/avro/src/main/java/org/apache/avro/message/MessageEncoder.java,0,8,not-bug-prone
lang/java/avro/src/main/java/org/apache/avro/message/MissingSchemaException.java,1,7,not-bug-prone
lang/java/avro/src/main/java/org/apache/avro/message/RawMessageDecoder.java,4,31,not-bug-prone
lang/java/avro/src/main/java/org/apache/avro/message/RawMessageEncoder.java,5,52,not-bug-prone
lang/java/avro/src/main/java/org/apache/avro/message/SchemaStore.java,0,19,not-bug-prone
lang/java/avro/src/main/java/org/apache/avro/reflect/ArrayAccessor.java,50,178,not-bug-prone
lang/java/avro/src/main/java/org/apache/avro/reflect/AvroAlias.java,0,12,not-bug-prone
lang/java/avro/src/main/java/org/apache/avro/reflect/AvroDefault.java,0,10,not-bug-prone
lang/java/avro/src/main/java/org/apache/avro/reflect/AvroDoc.java,0,10,not-bug-prone
lang/java/avro/src/main/java/org/apache/avro/reflect/AvroEncode.java,0,10,not-bug-prone
lang/java/avro/src/main/java/org/apache/avro/reflect/AvroIgnore.java,0,9,not-bug-prone
lang/java/avro/src/main/java/org/apache/avro/reflect/AvroMeta.java,0,18,not-bug-prone
lang/java/avro/src/main/java/org/apache/avro/reflect/AvroName.java,0,10,not-bug-prone
lang/java/avro/src/main/java/org/apache/avro/reflect/AvroSchema.java,0,12,not-bug-prone
lang/java/avro/src/main/java/org/apache/avro/reflect/CustomEncoding.java,2,16,not-bug-prone
lang/java/avro/src/main/java/org/apache/avro/reflect/DateAsLongEncoding.java,3,24,not-bug-prone
lang/java/avro/src/main/java/org/apache/avro/reflect/FieldAccess.java,0,5,not-bug-prone
lang/java/avro/src/main/java/org/apache/avro/reflect/FieldAccessReflect.java,3,85,not-bug-prone
lang/java/avro/src/main/java/org/apache/avro/reflect/FieldAccessUnsafe.java,11,283,not-bug-prone
lang/java/avro/src/main/java/org/apache/avro/reflect/FieldAccessor.java,6,25,not-bug-prone
lang/java/avro/src/main/java/org/apache/avro/reflect/MapEntry.java,4,24,not-bug-prone
lang/java/avro/src/main/java/org/apache/avro/reflect/Nullable.java,0,11,not-bug-prone
lang/java/avro/src/main/java/org/apache/avro/reflect/ReflectData.java,177,742,bug-prone
lang/java/avro/src/main/java/org/apache/avro/reflect/ReflectDatumReader.java,57,240,not-bug-prone
lang/java/avro/src/main/java/org/apache/avro/reflect/ReflectDatumWriter.java,39,145,bug-prone
lang/java/avro/src/main/java/org/apache/avro/reflect/ReflectionUtil.java,17,107,not-bug-prone
lang/java/avro/src/main/java/org/apache/avro/reflect/Stringable.java,0,11,not-bug-prone
lang/java/avro/src/main/java/org/apache/avro/reflect/Union.java,0,12,not-bug-prone
lang/java/avro/src/main/java/org/apache/avro/specific/AvroGenerated.java,0,9,not-bug-prone
lang/java/avro/src/main/java/org/apache/avro/specific/ExternalizableInput.java,8,38,not-bug-prone
lang/java/avro/src/main/java/org/apache/avro/specific/ExternalizableOutput.java,6,30,not-bug-prone
lang/java/avro/src/main/java/org/apache/avro/specific/FixedSize.java,0,12,not-bug-prone
lang/java/avro/src/main/java/org/apache/avro/specific/SpecificData.java,102,371,bug-prone
lang/java/avro/src/main/java/org/apache/avro/specific/SpecificDatumReader.java,24,98,not-bug-prone
lang/java/avro/src/main/java/org/apache/avro/specific/SpecificDatumWriter.java,16,67,not-bug-prone
lang/java/avro/src/main/java/org/apache/avro/specific/SpecificErrorBuilderBase.java,13,75,not-bug-prone
lang/java/avro/src/main/java/org/apache/avro/specific/SpecificExceptionBase.java,9,45,not-bug-prone
lang/java/avro/src/main/java/org/apache/avro/specific/SpecificFixed.java,9,49,not-bug-prone
lang/java/avro/src/main/java/org/apache/avro/specific/SpecificRecord.java,0,4,not-bug-prone
lang/java/avro/src/main/java/org/apache/avro/specific/SpecificRecordBase.java,17,77,not-bug-prone
lang/java/avro/src/main/java/org/apache/avro/specific/SpecificRecordBuilderBase.java,3,14,not-bug-prone
lang/java/avro/src/main/java/org/apache/avro/util/ByteBufferInputStream.java,15,63,not-bug-prone
lang/java/avro/src/main/java/org/apache/avro/util/ByteBufferOutputStream.java,15,71,not-bug-prone
lang/java/avro/src/main/java/org/apache/avro/util/ClassUtils.java,13,44,not-bug-prone
lang/java/avro/src/main/java/org/apache/avro/util/RandomData.java,34,145,not-bug-prone
lang/java/avro/src/main/java/org/apache/avro/util/ReusableByteArrayInputStream.java,2,13,not-bug-prone
lang/java/avro/src/main/java/org/apache/avro/util/ReusableByteBufferInputStream.java,11,51,not-bug-prone
lang/java/avro/src/main/java/org/apache/avro/util/Utf8.java,28,125,not-bug-prone
lang/java/avro/src/main/java/org/apache/avro/util/WeakIdentityHashMap.java,20,141,not-bug-prone
lang/java/avro/src/main/java/org/apache/avro/util/internal/Accessor.java,17,80,not-bug-prone
lang/java/avro/src/main/java/org/apache/avro/util/internal/JacksonUtils.java,41,125,bug-prone
lang/java/compiler/src/main/java/org/apache/avro/compiler/idl/ResolvingVisitor.java,34,142,bug-prone
lang/java/compiler/src/main/java/org/apache/avro/compiler/idl/SchemaResolver.java,11,78,bug-prone
lang/java/compiler/src/main/java/org/apache/avro/compiler/schema/CloningVisitor.java,33,129,not-bug-prone
lang/java/compiler/src/main/java/org/apache/avro/compiler/schema/SchemaVisitor.java,0,8,not-bug-prone
lang/java/compiler/src/main/java/org/apache/avro/compiler/schema/SchemaVisitorAction.java,2,7,not-bug-prone
lang/java/compiler/src/main/java/org/apache/avro/compiler/schema/Schemas.java,55,183,bug-prone
lang/java/compiler/src/main/java/org/apache/avro/compiler/specific/ProtocolTask.java,15,71,not-bug-prone
lang/java/compiler/src/main/java/org/apache/avro/compiler/specific/SchemaTask.java,4,23,not-bug-prone
lang/java/compiler/src/main/java/org/apache/avro/compiler/specific/SpecificCompiler.java,232,828,bug-prone
lang/java/grpc/src/main/java/org/apache/avro/grpc/AvroGrpcClient.java,3,109,not-bug-prone
lang/java/grpc/src/main/java/org/apache/avro/grpc/AvroGrpcServer.java,5,80,not-bug-prone
lang/java/grpc/src/main/java/org/apache/avro/grpc/AvroGrpcUtils.java,10,44,not-bug-prone
lang/java/grpc/src/main/java/org/apache/avro/grpc/AvroInputStream.java,5,57,not-bug-prone
lang/java/grpc/src/main/java/org/apache/avro/grpc/AvroRequestMarshaller.java,5,74,not-bug-prone
lang/java/grpc/src/main/java/org/apache/avro/grpc/AvroResponseMarshaller.java,7,100,not-bug-prone
lang/java/grpc/src/main/java/org/apache/avro/grpc/ServiceDescriptor.java,4,31,not-bug-prone
lang/java/integration-test/test-custom-conversions/src/main/java/org/apache/avro/codegentest/CustomDecimal.java,8,36,not-bug-prone
lang/java/integration-test/test-custom-conversions/src/main/java/org/apache/avro/codegentest/CustomDecimalConversion.java,4,28,not-bug-prone
lang/java/ipc-jetty/src/main/java/org/apache/avro/ipc/jetty/HttpServer.java,19,107,not-bug-prone
lang/java/ipc-jetty/src/main/java/org/apache/avro/ipc/jetty/StaticServlet.java,2,17,not-bug-prone
lang/java/ipc-jetty/src/main/java/org/apache/avro/ipc/jetty/StatsServer.java,2,22,not-bug-prone
lang/java/ipc-netty/src/main/java/org/apache/avro/ipc/netty/NettyServer.java,9,132,not-bug-prone
lang/java/ipc-netty/src/main/java/org/apache/avro/ipc/netty/NettyTransceiver.java,55,394,not-bug-prone
lang/java/ipc-netty/src/main/java/org/apache/avro/ipc/netty/NettyTransportCodec.java,0,120,not-bug-prone
lang/java/ipc/src/main/java/org/apache/avro/ipc/CallFuture.java,19,79,not-bug-prone
lang/java/ipc/src/main/java/org/apache/avro/ipc/Callback.java,0,5,not-bug-prone
lang/java/ipc/src/main/java/org/apache/avro/ipc/DatagramServer.java,8,50,not-bug-prone
lang/java/ipc/src/main/java/org/apache/avro/ipc/DatagramTransceiver.java,8,57,not-bug-prone
lang/java/ipc/src/main/java/org/apache/avro/ipc/HttpTransceiver.java,17,96,not-bug-prone
lang/java/ipc/src/main/java/org/apache/avro/ipc/Ipc.java,9,36,not-bug-prone
lang/java/ipc/src/main/java/org/apache/avro/ipc/LocalTransceiver.java,5,26,not-bug-prone
lang/java/ipc/src/main/java/org/apache/avro/ipc/RPCContext.java,27,97,not-bug-prone
lang/java/ipc/src/main/java/org/apache/avro/ipc/RPCPlugin.java,7,17,not-bug-prone
lang/java/ipc/src/main/java/org/apache/avro/ipc/Requestor.java,41,379,bug-prone
lang/java/ipc/src/main/java/org/apache/avro/ipc/Responder.java,28,170,bug-prone
lang/java/ipc/src/main/java/org/apache/avro/ipc/ResponderServlet.java,3,27,not-bug-prone
lang/java/ipc/src/main/java/org/apache/avro/ipc/SaslSocketServer.java,4,79,not-bug-prone
lang/java/ipc/src/main/java/org/apache/avro/ipc/SaslSocketTransceiver.java,54,338,not-bug-prone
lang/java/ipc/src/main/java/org/apache/avro/ipc/Server.java,0,7,not-bug-prone
lang/java/ipc/src/main/java/org/apache/avro/ipc/SocketServer.java,10,103,not-bug-prone
lang/java/ipc/src/main/java/org/apache/avro/ipc/SocketTransceiver.java,20,89,not-bug-prone
lang/java/ipc/src/main/java/org/apache/avro/ipc/Transceiver.java,10,49,not-bug-prone
lang/java/ipc/src/main/java/org/apache/avro/ipc/generic/GenericRequestor.java,7,41,not-bug-prone
lang/java/ipc/src/main/java/org/apache/avro/ipc/generic/GenericResponder.java,9,46,not-bug-prone
lang/java/ipc/src/main/java/org/apache/avro/ipc/reflect/ReflectRequestor.java,10,50,not-bug-prone
lang/java/ipc/src/main/java/org/apache/avro/ipc/reflect/ReflectResponder.java,9,42,not-bug-prone
lang/java/ipc/src/main/java/org/apache/avro/ipc/specific/SpecificRequestor.java,30,136,bug-prone
lang/java/ipc/src/main/java/org/apache/avro/ipc/specific/SpecificResponder.java,13,73,bug-prone
lang/java/ipc/src/main/java/org/apache/avro/ipc/stats/FloatHistogram.java,6,27,not-bug-prone
lang/java/ipc/src/main/java/org/apache/avro/ipc/stats/Histogram.java,11,165,not-bug-prone
lang/java/ipc/src/main/java/org/apache/avro/ipc/stats/IntegerHistogram.java,6,27,not-bug-prone
lang/java/ipc/src/main/java/org/apache/avro/ipc/stats/StatsPlugin.java,19,128,not-bug-prone
lang/java/ipc/src/main/java/org/apache/avro/ipc/stats/StatsServlet.java,12,171,not-bug-prone
lang/java/ipc/src/main/java/org/apache/avro/ipc/stats/Stopwatch.java,8,41,not-bug-prone
lang/java/mapred/src/main/java/org/apache/avro/hadoop/file/HadoopCodecFactory.java,4,29,not-bug-prone
lang/java/mapred/src/main/java/org/apache/avro/hadoop/file/SortedKeyValueFile.java,0,267,not-bug-prone
lang/java/mapred/src/main/java/org/apache/avro/hadoop/io/AvroDatumConverter.java,0,6,not-bug-prone
lang/java/mapred/src/main/java/org/apache/avro/hadoop/io/AvroDatumConverterFactory.java,19,229,not-bug-prone
lang/java/mapred/src/main/java/org/apache/avro/hadoop/io/AvroDeserializer.java,10,50,not-bug-prone
lang/java/mapred/src/main/java/org/apache/avro/hadoop/io/AvroKeyComparator.java,4,29,not-bug-prone
lang/java/mapred/src/main/java/org/apache/avro/hadoop/io/AvroKeyDeserializer.java,3,17,not-bug-prone
lang/java/mapred/src/main/java/org/apache/avro/hadoop/io/AvroKeyValue.java,7,60,not-bug-prone
lang/java/mapred/src/main/java/org/apache/avro/hadoop/io/AvroSequenceFile.java,3,322,not-bug-prone
lang/java/mapred/src/main/java/org/apache/avro/hadoop/io/AvroSerialization.java,30,126,not-bug-prone
lang/java/mapred/src/main/java/org/apache/avro/hadoop/io/AvroSerializer.java,8,48,not-bug-prone
lang/java/mapred/src/main/java/org/apache/avro/hadoop/io/AvroValueDeserializer.java,3,17,not-bug-prone
lang/java/mapred/src/main/java/org/apache/avro/hadoop/util/AvroCharSequenceComparator.java,8,31,not-bug-prone
lang/java/mapred/src/main/java/org/apache/avro/mapred/AvroAsTextInputFormat.java,5,32,not-bug-prone
lang/java/mapred/src/main/java/org/apache/avro/mapred/AvroAsTextRecordReader.java,12,72,not-bug-prone
lang/java/mapred/src/main/java/org/apache/avro/mapred/AvroCollector.java,0,6,not-bug-prone
lang/java/mapred/src/main/java/org/apache/avro/mapred/AvroInputFormat.java,5,34,not-bug-prone
lang/java/mapred/src/main/java/org/apache/avro/mapred/AvroJob.java,39,162,not-bug-prone
lang/java/mapred/src/main/java/org/apache/avro/mapred/AvroKey.java,2,9,not-bug-prone
lang/java/mapred/src/main/java/org/apache/avro/mapred/AvroKeyComparator.java,4,24,not-bug-prone
lang/java/mapred/src/main/java/org/apache/avro/mapred/AvroMapper.java,3,19,not-bug-prone
lang/java/mapred/src/main/java/org/apache/avro/mapred/AvroMultipleInputs.java,14,76,not-bug-prone
lang/java/mapred/src/main/java/org/apache/avro/mapred/AvroMultipleOutputs.java,43,243,not-bug-prone
lang/java/mapred/src/main/java/org/apache/avro/mapred/AvroOutputFormat.java,15,100,not-bug-prone
lang/java/mapred/src/main/java/org/apache/avro/mapred/AvroRecordReader.java,10,54,not-bug-prone
lang/java/mapred/src/main/java/org/apache/avro/mapred/AvroReducer.java,5,25,not-bug-prone
lang/java/mapred/src/main/java/org/apache/avro/mapred/AvroSerialization.java,6,93,not-bug-prone
lang/java/mapred/src/main/java/org/apache/avro/mapred/AvroTextOutputFormat.java,1,90,not-bug-prone
lang/java/mapred/src/main/java/org/apache/avro/mapred/AvroUtf8InputFormat.java,3,73,not-bug-prone
lang/java/mapred/src/main/java/org/apache/avro/mapred/AvroValue.java,2,9,not-bug-prone
lang/java/mapred/src/main/java/org/apache/avro/mapred/AvroWrapper.java,12,38,not-bug-prone
lang/java/mapred/src/main/java/org/apache/avro/mapred/DelegatingInputFormat.java,10,72,not-bug-prone
lang/java/mapred/src/main/java/org/apache/avro/mapred/DelegatingMapper.java,4,33,not-bug-prone
lang/java/mapred/src/main/java/org/apache/avro/mapred/FsInput.java,7,39,not-bug-prone
lang/java/mapred/src/main/java/org/apache/avro/mapred/HadoopCombiner.java,2,30,not-bug-prone
lang/java/mapred/src/main/java/org/apache/avro/mapred/HadoopMapper.java,4,32,not-bug-prone
lang/java/mapred/src/main/java/org/apache/avro/mapred/HadoopReducer.java,2,29,not-bug-prone
lang/java/mapred/src/main/java/org/apache/avro/mapred/HadoopReducerBase.java,4,51,not-bug-prone
lang/java/mapred/src/main/java/org/apache/avro/mapred/MapCollector.java,3,28,not-bug-prone
lang/java/mapred/src/main/java/org/apache/avro/mapred/Pair.java,111,473,not-bug-prone
lang/java/mapred/src/main/java/org/apache/avro/mapred/SequenceFileInputFormat.java,1,17,not-bug-prone
lang/java/mapred/src/main/java/org/apache/avro/mapred/SequenceFileReader.java,31,169,not-bug-prone
lang/java/mapred/src/main/java/org/apache/avro/mapred/SequenceFileRecordReader.java,1,9,not-bug-prone
lang/java/mapred/src/main/java/org/apache/avro/mapred/TaggedInputSplit.java,15,90,not-bug-prone
lang/java/mapred/src/main/java/org/apache/avro/mapred/tether/TetherData.java,6,23,not-bug-prone
lang/java/mapred/src/main/java/org/apache/avro/mapred/tether/TetherInputFormat.java,5,35,not-bug-prone
lang/java/mapred/src/main/java/org/apache/avro/mapred/tether/TetherJob.java,18,91,not-bug-prone
lang/java/mapred/src/main/java/org/apache/avro/mapred/tether/TetherKeyComparator.java,6,28,not-bug-prone
lang/java/mapred/src/main/java/org/apache/avro/mapred/tether/TetherKeySerialization.java,3,55,not-bug-prone
lang/java/mapred/src/main/java/org/apache/avro/mapred/tether/TetherMapRunner.java,7,51,not-bug-prone
lang/java/mapred/src/main/java/org/apache/avro/mapred/tether/TetherOutputFormat.java,3,45,not-bug-prone
lang/java/mapred/src/main/java/org/apache/avro/mapred/tether/TetherOutputService.java,16,85,not-bug-prone
lang/java/mapred/src/main/java/org/apache/avro/mapred/tether/TetherPartitioner.java,5,31,not-bug-prone
lang/java/mapred/src/main/java/org/apache/avro/mapred/tether/TetherRecordReader.java,10,60,not-bug-prone
lang/java/mapred/src/main/java/org/apache/avro/mapred/tether/TetherReducer.java,9,52,not-bug-prone
lang/java/mapred/src/main/java/org/apache/avro/mapred/tether/TetheredProcess.java,22,150,not-bug-prone
lang/java/mapred/src/main/java/org/apache/avro/mapreduce/AvroJob.java,18,71,not-bug-prone
lang/java/mapred/src/main/java/org/apache/avro/mapreduce/AvroKeyInputFormat.java,2,24,not-bug-prone
lang/java/mapred/src/main/java/org/apache/avro/mapreduce/AvroKeyOutputFormat.java,7,52,not-bug-prone
lang/java/mapred/src/main/java/org/apache/avro/mapreduce/AvroKeyRecordReader.java,4,29,not-bug-prone
lang/java/mapred/src/main/java/org/apache/avro/mapreduce/AvroKeyRecordWriter.java,5,38,not-bug-prone
lang/java/mapred/src/main/java/org/apache/avro/mapreduce/AvroKeyValueInputFormat.java,3,29,not-bug-prone
lang/java/mapred/src/main/java/org/apache/avro/mapreduce/AvroKeyValueOutputFormat.java,2,29,not-bug-prone
lang/java/mapred/src/main/java/org/apache/avro/mapreduce/AvroKeyValueRecordReader.java,5,37,not-bug-prone
lang/java/mapred/src/main/java/org/apache/avro/mapreduce/AvroKeyValueRecordWriter.java,6,54,not-bug-prone
lang/java/mapred/src/main/java/org/apache/avro/mapreduce/AvroMultipleOutputs.java,49,254,not-bug-prone
lang/java/mapred/src/main/java/org/apache/avro/mapreduce/AvroOutputFormatBase.java,8,48,not-bug-prone
lang/java/mapred/src/main/java/org/apache/avro/mapreduce/AvroRecordReaderBase.java,12,83,not-bug-prone
lang/java/mapred/src/main/java/org/apache/avro/mapreduce/AvroSequenceFileInputFormat.java,1,88,not-bug-prone
lang/java/mapred/src/main/java/org/apache/avro/mapreduce/AvroSequenceFileOutputFormat.java,7,65,not-bug-prone
lang/java/mapred/src/main/java/org/apache/avro/mapreduce/CombineAvroKeyValueFileInputFormat.java,1,26,not-bug-prone
lang/java/mapred/src/main/java/org/apache/avro/mapreduce/Syncable.java,0,5,not-bug-prone
lang/java/maven-plugin/src/main/java/org/apache/avro/mojo/AbstractAvroMojo.java,28,147,not-bug-prone
lang/java/maven-plugin/src/main/java/org/apache/avro/mojo/IDLProtocolMojo.java,7,62,not-bug-prone
lang/java/maven-plugin/src/main/java/org/apache/avro/mojo/InduceMojo.java,25,122,not-bug-prone
lang/java/maven-plugin/src/main/java/org/apache/avro/mojo/ProtocolMojo.java,5,44,not-bug-prone
lang/java/maven-plugin/src/main/java/org/apache/avro/mojo/SchemaMojo.java,6,49,not-bug-prone
lang/java/perf/src/main/java/org/apache/avro/Perf.java,5,50,not-bug-prone
lang/java/protobuf/src/main/java/org/apache/avro/protobuf/ProtoConversions.java,8,94,not-bug-prone
lang/java/protobuf/src/main/java/org/apache/avro/protobuf/ProtobufData.java,94,323,not-bug-prone
lang/java/protobuf/src/main/java/org/apache/avro/protobuf/ProtobufDatumReader.java,10,48,not-bug-prone
lang/java/protobuf/src/main/java/org/apache/avro/protobuf/ProtobufDatumWriter.java,8,36,not-bug-prone
lang/java/thrift/src/main/java/org/apache/avro/thrift/ThriftData.java,52,215,bug-prone
lang/java/thrift/src/main/java/org/apache/avro/thrift/ThriftDatumReader.java,15,62,not-bug-prone
lang/java/thrift/src/main/java/org/apache/avro/thrift/ThriftDatumWriter.java,6,27,not-bug-prone
lang/java/tools/src/main/java/org/apache/avro/tool/BinaryFragmentToJsonTool.java,7,72,not-bug-prone
lang/java/tools/src/main/java/org/apache/avro/tool/CatTool.java,24,158,not-bug-prone
lang/java/tools/src/main/java/org/apache/avro/tool/ConcatTool.java,21,125,not-bug-prone
lang/java/tools/src/main/java/org/apache/avro/tool/CreateRandomFileTool.java,9,63,not-bug-prone
lang/java/tools/src/main/java/org/apache/avro/tool/DataFileGetMetaTool.java,8,59,not-bug-prone
lang/java/tools/src/main/java/org/apache/avro/tool/DataFileGetSchemaTool.java,4,27,not-bug-prone
lang/java/tools/src/main/java/org/apache/avro/tool/DataFileReadTool.java,11,83,not-bug-prone
lang/java/tools/src/main/java/org/apache/avro/tool/DataFileRepairTool.java,41,245,not-bug-prone
lang/java/tools/src/main/java/org/apache/avro/tool/DataFileWriteTool.java,8,72,not-bug-prone
lang/java/tools/src/main/java/org/apache/avro/tool/FromTextTool.java,10,79,not-bug-prone
lang/java/tools/src/main/java/org/apache/avro/tool/IdlToSchemataTool.java,9,53,not-bug-prone
lang/java/tools/src/main/java/org/apache/avro/tool/IdlTool.java,7,49,not-bug-prone
lang/java/tools/src/main/java/org/apache/avro/tool/InduceSchemaTool.java,8,48,not-bug-prone
lang/java/tools/src/main/java/org/apache/avro/tool/JsonToBinaryFragmentTool.java,8,71,not-bug-prone
lang/java/tools/src/main/java/org/apache/avro/tool/Main.java,13,68,not-bug-prone
lang/java/tools/src/main/java/org/apache/avro/tool/RecodecTool.java,10,71,not-bug-prone
lang/java/tools/src/main/java/org/apache/avro/tool/RpcProtocolTool.java,4,57,not-bug-prone
lang/java/tools/src/main/java/org/apache/avro/tool/RpcReceiveTool.java,10,118,not-bug-prone
lang/java/tools/src/main/java/org/apache/avro/tool/RpcSendTool.java,8,73,not-bug-prone
lang/java/tools/src/main/java/org/apache/avro/tool/SchemaFingerprintTool.java,6,55,not-bug-prone
lang/java/tools/src/main/java/org/apache/avro/tool/SchemaNormalizationTool.java,4,39,not-bug-prone
lang/java/tools/src/main/java/org/apache/avro/tool/SpecificCompilerTool.java,22,147,not-bug-prone
lang/java/tools/src/main/java/org/apache/avro/tool/TetherTool.java,10,111,not-bug-prone
lang/java/tools/src/main/java/org/apache/avro/tool/ToTextTool.java,6,54,not-bug-prone
lang/java/tools/src/main/java/org/apache/avro/tool/ToTrevniTool.java,5,46,not-bug-prone
lang/java/tools/src/main/java/org/apache/avro/tool/Tool.java,0,9,not-bug-prone
lang/java/tools/src/main/java/org/apache/avro/tool/TrevniCreateRandomTool.java,5,35,not-bug-prone
lang/java/tools/src/main/java/org/apache/avro/tool/TrevniMetadataTool.java,10,74,not-bug-prone
lang/java/tools/src/main/java/org/apache/avro/tool/TrevniToJsonTool.java,31,145,not-bug-prone
lang/java/tools/src/main/java/org/apache/avro/tool/TrevniUtil.java,8,45,not-bug-prone
lang/java/tools/src/main/java/org/apache/avro/tool/Util.java,35,150,not-bug-prone
lang/java/trevni/avro/src/main/java/org/apache/trevni/avro/AvroColumnReader.java,55,220,not-bug-prone
lang/java/trevni/avro/src/main/java/org/apache/trevni/avro/AvroColumnWriter.java,27,125,not-bug-prone
lang/java/trevni/avro/src/main/java/org/apache/trevni/avro/AvroColumnator.java,48,138,not-bug-prone
lang/java/trevni/avro/src/main/java/org/apache/trevni/avro/AvroTrevniInputFormat.java,6,75,not-bug-prone
lang/java/trevni/avro/src/main/java/org/apache/trevni/avro/AvroTrevniOutputFormat.java,7,63,not-bug-prone
lang/java/trevni/avro/src/main/java/org/apache/trevni/avro/HadoopInput.java,4,26,not-bug-prone
lang/java/trevni/avro/src/main/java/org/apache/trevni/avro/mapreduce/AvroTrevniKeyInputFormat.java,1,15,not-bug-prone
lang/java/trevni/avro/src/main/java/org/apache/trevni/avro/mapreduce/AvroTrevniKeyOutputFormat.java,1,14,not-bug-prone
lang/java/trevni/avro/src/main/java/org/apache/trevni/avro/mapreduce/AvroTrevniKeyRecordReader.java,3,21,not-bug-prone
lang/java/trevni/avro/src/main/java/org/apache/trevni/avro/mapreduce/AvroTrevniKeyRecordWriter.java,5,24,not-bug-prone
lang/java/trevni/avro/src/main/java/org/apache/trevni/avro/mapreduce/AvroTrevniKeyValueInputFormat.java,1,15,not-bug-prone
lang/java/trevni/avro/src/main/java/org/apache/trevni/avro/mapreduce/AvroTrevniKeyValueOutputFormat.java,1,14,not-bug-prone
lang/java/trevni/avro/src/main/java/org/apache/trevni/avro/mapreduce/AvroTrevniKeyValueRecordReader.java,3,27,not-bug-prone
lang/java/trevni/avro/src/main/java/org/apache/trevni/avro/mapreduce/AvroTrevniKeyValueRecordWriter.java,4,39,not-bug-prone
lang/java/trevni/avro/src/main/java/org/apache/trevni/avro/mapreduce/AvroTrevniRecordReaderBase.java,7,48,not-bug-prone
lang/java/trevni/avro/src/main/java/org/apache/trevni/avro/mapreduce/AvroTrevniRecordWriterBase.java,6,57,not-bug-prone
lang/java/trevni/core/src/main/java/org/apache/trevni/ArrayColumnOutputBuffer.java,10,54,not-bug-prone
lang/java/trevni/core/src/main/java/org/apache/trevni/BZip2Codec.java,5,40,not-bug-prone
lang/java/trevni/core/src/main/java/org/apache/trevni/BlockDescriptor.java,4,26,not-bug-prone
lang/java/trevni/core/src/main/java/org/apache/trevni/Checksum.java,3,15,not-bug-prone
lang/java/trevni/core/src/main/java/org/apache/trevni/Codec.java,5,20,not-bug-prone
lang/java/trevni/core/src/main/java/org/apache/trevni/ColumnDescriptor.java,14,65,not-bug-prone
lang/java/trevni/core/src/main/java/org/apache/trevni/ColumnFileMetaData.java,1,9,not-bug-prone
lang/java/trevni/core/src/main/java/org/apache/trevni/ColumnFileReader.java,25,104,not-bug-prone
lang/java/trevni/core/src/main/java/org/apache/trevni/ColumnFileWriter.java,27,105,not-bug-prone
lang/java/trevni/core/src/main/java/org/apache/trevni/ColumnMetaData.java,19,83,not-bug-prone
lang/java/trevni/core/src/main/java/org/apache/trevni/ColumnOutputBuffer.java,18,86,not-bug-prone
lang/java/trevni/core/src/main/java/org/apache/trevni/ColumnValues.java,24,107,not-bug-prone
lang/java/trevni/core/src/main/java/org/apache/trevni/Crc32Checksum.java,2,19,not-bug-prone
lang/java/trevni/core/src/main/java/org/apache/trevni/DeflateCodec.java,9,48,not-bug-prone
lang/java/trevni/core/src/main/java/org/apache/trevni/Input.java,0,7,not-bug-prone
lang/java/trevni/core/src/main/java/org/apache/trevni/InputBuffer.java,82,329,not-bug-prone
lang/java/trevni/core/src/main/java/org/apache/trevni/InputBytes.java,5,24,not-bug-prone
lang/java/trevni/core/src/main/java/org/apache/trevni/InputFile.java,4,24,not-bug-prone
lang/java/trevni/core/src/main/java/org/apache/trevni/MetaData.java,24,94,not-bug-prone
lang/java/trevni/core/src/main/java/org/apache/trevni/NullChecksum.java,2,12,not-bug-prone
lang/java/trevni/core/src/main/java/org/apache/trevni/NullCodec.java,2,13,not-bug-prone
lang/java/trevni/core/src/main/java/org/apache/trevni/OutputBuffer.java,82,281,not-bug-prone
lang/java/trevni/core/src/main/java/org/apache/trevni/SnappyCodec.java,2,20,not-bug-prone
lang/java/trevni/core/src/main/java/org/apache/trevni/TrevniRuntimeException.java,3,12,not-bug-prone
lang/java/trevni/core/src/main/java/org/apache/trevni/ValueType.java,5,14,not-bug-prone
