FilePath, ChangeRate, AddLines, DeleteLines, class
lang/java/avro/src/main/java/org/apache/avro/LogicalTypes.java,16,200,82,bug-prone
lang/java/avro/src/test/java/org/apache/avro/DummyLogicalTypeFactory.java,1,30,0,non-bug-prone
lang/java/avro/src/test/java/org/apache/avro/TestLogicalType.java,8,149,119,non-bug-prone
lang/java/avro/src/main/java/org/apache/avro/Protocol.java,16,301,214,bug-prone
lang/java/avro/src/test/java/org/apache/avro/TestProtocol.java,6,27,16,non-bug-prone
lang/java/avro/src/test/java/org/apache/avro/TestSchemaBuilder.java,17,617,486,bug-prone
lang/java/avro/src/main/java/org/apache/avro/util/RandomData.java,7,59,43,non-bug-prone
lang/java/ipc/src/test/java/org/apache/avro/DataFileInteropTest.java,10,47,42,non-bug-prone
lang/java/avro/src/main/java/org/apache/avro/generic/GenericDatumWriter.java,13,279,139,bug-prone
lang/java/avro/src/main/java/org/apache/avro/path/ArrayPositionPredicate.java,1,35,0,non-bug-prone
lang/java/avro/src/main/java/org/apache/avro/path/LocationStep.java,1,47,0,non-bug-prone
lang/java/avro/src/main/java/org/apache/avro/path/MapKeyPredicate.java,1,43,0,non-bug-prone
lang/java/avro/src/main/java/org/apache/avro/path/PathElement.java,1,25,0,non-bug-prone
lang/java/avro/src/main/java/org/apache/avro/path/PathPredicate.java,1,26,0,non-bug-prone
lang/java/avro/src/main/java/org/apache/avro/path/PathTracingException.java,1,46,0,non-bug-prone
lang/java/avro/src/main/java/org/apache/avro/path/PositionalPathPredicate.java,1,25,0,non-bug-prone
lang/java/avro/src/main/java/org/apache/avro/path/TracingAvroTypeException.java,1,66,0,non-bug-prone
lang/java/avro/src/main/java/org/apache/avro/path/TracingClassCastException.java,1,83,0,non-bug-prone
lang/java/avro/src/main/java/org/apache/avro/path/TracingNullPointException.java,1,92,0,non-bug-prone
lang/java/avro/src/main/java/org/apache/avro/path/UnionTypePredicate.java,1,35,0,non-bug-prone
lang/java/avro/src/main/java/org/apache/avro/path/package-info.java,1,25,0,non-bug-prone
lang/java/avro/src/main/java/org/apache/avro/specific/SpecificData.java,29,489,319,bug-prone
lang/java/avro/src/main/java/org/apache/avro/specific/SpecificDatumWriter.java,7,51,25,non-bug-prone
lang/java/avro/src/main/java/org/apache/avro/util/SchemaUtil.java,1,56,0,non-bug-prone
lang/java/avro/src/test/java/org/apache/avro/generic/TestGenericDatumWriter.java,14,369,136,bug-prone
lang/java/ipc/src/test/java/org/apache/avro/specific/TestSpecificDatumWriter.java,6,162,10,non-bug-prone
lang/java/avro/src/main/java/org/apache/avro/Schema.java,46,1241,796,bug-prone
lang/java/avro/src/test/java/org/apache/avro/TestSchema.java,14,300,34,bug-prone
lang/java/avro/src/main/java/org/apache/avro/generic/GenericDatumReader.java,14,307,250,bug-prone
lang/java/avro/src/main/java/org/apache/avro/io/BinaryDecoder.java,14,245,191,bug-prone
lang/java/avro/src/main/java/org/apache/avro/reflect/ReflectData.java,33,567,414,bug-prone
lang/java/avro/src/main/java/org/apache/avro/reflect/ReflectDatumReader.java,7,57,69,bug-prone
lang/java/avro/src/main/java/org/apache/avro/reflect/ReflectDatumWriter.java,9,49,47,non-bug-prone
lang/java/avro/src/main/java/org/apache/avro/reflect/ReflectionUtil.java,7,98,21,non-bug-prone
lang/java/avro/src/test/java/org/apache/avro/reflect/TestReflectDatumWithAnonymousInstances.java,1,224,0,non-bug-prone
lang/java/compiler/src/main/java/org/apache/avro/compiler/specific/SpecificCompiler.java,50,1042,678,bug-prone
lang/java/compiler/src/main/java/org/apache/avro/compiler/idl/DocCommentHelper.java,2,135,0,non-bug-prone
lang/java/compiler/src/test/java/org/apache/avro/compiler/idl/TestIdl.java,11,135,93,bug-prone
lang/java/avro/src/main/java/org/apache/avro/Resolver.java,13,1325,517,bug-prone
lang/java/avro/src/test/java/org/apache/avro/TestSchemaCompatibility.java,18,524,575,bug-prone
lang/java/avro/src/test/java/org/apache/avro/TestSchemas.java,13,244,50,bug-prone
lang/java/avro/src/test/java/org/apache/avro/io/parsing/TestResolvingGrammarGenerator.java,9,48,65,non-bug-prone
lang/java/compiler/src/test/java/org/apache/avro/compiler/specific/TestSpecificCompiler.java,40,1188,566,bug-prone
lang/java/mapred/src/test/java/org/apache/avro/mapreduce/TestAvroKeyInputFormat.java,5,11,16,non-bug-prone
lang/java/mapred/src/test/java/org/apache/avro/mapreduce/TestAvroKeyOutputFormat.java,10,54,57,non-bug-prone
lang/java/mapred/src/test/java/org/apache/avro/mapreduce/TestAvroKeyRecordReader.java,4,23,28,non-bug-prone
lang/java/mapred/src/test/java/org/apache/avro/mapreduce/TestAvroKeyRecordWriter.java,5,30,36,non-bug-prone
lang/java/mapred/src/test/java/org/apache/avro/mapreduce/TestAvroKeyValueRecordReader.java,5,28,36,non-bug-prone
lang/java/mapred/src/test/java/org/apache/avro/mapreduce/TestAvroKeyValueRecordWriter.java,7,74,99,non-bug-prone
lang/java/avro/src/test/java/org/apache/avro/TestNestedRecords.java,8,153,57,non-bug-prone
lang/java/avro/src/test/java/org/apache/avro/generic/TestGenericLogicalTypes.java,14,307,136,bug-prone
lang/java/avro/src/test/java/org/apache/avro/io/TestEncoders.java,12,284,156,non-bug-prone
lang/java/mapred/src/test/java/org/apache/avro/mapreduce/TestFsInput.java,7,25,35,non-bug-prone
lang/java/avro/src/main/java/org/apache/avro/SchemaBuilder.java,26,752,604,bug-prone
lang/java/avro/src/main/java/org/apache/avro/specific/SpecificRecordBase.java,12,85,53,bug-prone
lang/java/tools/src/test/compiler/output-string/avro/examples/baseball/FieldTest.java,11,689,22,bug-prone
lang/java/tools/src/test/compiler/output-string/avro/examples/baseball/Player.java,24,264,82,bug-prone
lang/java/tools/src/test/compiler/output/AddExtraOptionalGettersTest.java,5,444,8,non-bug-prone
lang/java/tools/src/test/compiler/output/NoSettersTest.java,5,402,8,non-bug-prone
lang/java/tools/src/test/compiler/output/OptionalGettersAllFieldsTest.java,5,509,10,non-bug-prone
lang/java/tools/src/test/compiler/output/OptionalGettersNullableFieldsTest.java,5,509,10,non-bug-prone
lang/java/tools/src/test/compiler/output/Player.java,23,262,80,bug-prone
lang/java/compiler/src/main/java/org/apache/avro/compiler/idl/IsResolvedSchemaVisitor.java,1,62,0,non-bug-prone
lang/java/compiler/src/main/java/org/apache/avro/compiler/idl/ResolvingVisitor.java,13,288,109,bug-prone
lang/java/compiler/src/main/java/org/apache/avro/compiler/idl/SchemaResolver.java,15,146,241,bug-prone
lang/java/compiler/src/main/java/org/apache/avro/compiler/schema/Schemas.java,14,398,171,bug-prone
lang/java/avro/src/main/java/org/apache/avro/util/MapUtil.java,1,45,0,non-bug-prone
lang/java/grpc/src/main/java/org/apache/avro/grpc/ServiceDescriptor.java,6,97,20,non-bug-prone
lang/java/compiler/src/test/java/org/apache/avro/compiler/idl/DocCommentHelperTest.java,1,88,0,non-bug-prone
lang/java/maven-plugin/src/main/java/org/apache/avro/mojo/IDLProtocolMojo.java,15,42,33,non-bug-prone
lang/java/maven-plugin/src/test/java/org/apache/avro/mojo/TestIDLProtocolMojo.java,7,86,48,non-bug-prone
lang/java/maven-plugin/src/test/java/org/apache/avro/mojo/TestLog.java,1,128,0,non-bug-prone
lang/java/tools/src/main/java/org/apache/avro/tool/IdlToSchemataTool.java,4,13,11,non-bug-prone
lang/java/tools/src/main/java/org/apache/avro/tool/IdlTool.java,6,18,13,non-bug-prone
lang/java/tools/src/test/java/org/apache/avro/tool/TestIdlToSchemataTool.java,3,35,3,non-bug-prone
lang/java/tools/src/test/java/org/apache/avro/tool/TestIdlTool.java,1,80,0,non-bug-prone
lang/java/compiler/src/test/java/org/apache/avro/compiler/idl/TestLogicalTypes.java,1,93,0,non-bug-prone
lang/java/compiler/src/test/java/org/apache/avro/compiler/idl/TestReferenceAnnotationNotAllowed.java,1,39,0,non-bug-prone
lang/java/android/src/main/java/org/apache/avro/util/internal/ClassValueCache.java,1,46,0,non-bug-prone
lang/java/android/src/main/java/org/apache/avro/util/internal/ThreadLocalWithInitial.java,1,38,0,non-bug-prone
lang/java/android/src/test/java/org/apache/avro/util/internal/TestClassValueCache.java,1,37,0,non-bug-prone
lang/java/avro/src/main/java/org/apache/avro/JsonProperties.java,12,286,192,non-bug-prone
lang/java/avro/src/main/java/org/apache/avro/io/BinaryData.java,8,178,175,non-bug-prone
lang/java/avro/src/main/java/org/apache/avro/message/BinaryMessageDecoder.java,10,246,65,non-bug-prone
lang/java/avro/src/main/java/org/apache/avro/message/MessageDecoder.java,5,182,30,non-bug-prone
lang/java/avro/src/main/java/org/apache/avro/message/RawMessageEncoder.java,7,157,34,non-bug-prone
lang/java/avro/src/main/java/org/apache/avro/reflect/MapEntry.java,6,72,10,non-bug-prone
lang/java/avro/src/main/java/org/apache/avro/util/MapEntry.java,1,63,0,non-bug-prone
lang/java/avro/src/main/java/org/apache/avro/util/internal/ClassValueCache.java,1,47,0,non-bug-prone
lang/java/avro/src/main/java/org/apache/avro/util/internal/ThreadLocalWithInitial.java,1,32,0,non-bug-prone
lang/java/avro/src/test/java/org/apache/avro/util/internal/TestClassValueCache.java,1,37,0,non-bug-prone
lang/java/avro/src/test/java/org/apache/avro/TestDataFileCorruption.java,7,23,26,non-bug-prone
lang/java/compiler/src/test/java/org/apache/avro/specific/TestSpecificData.java,1,93,0,non-bug-prone
lang/java/avro/src/main/java/org/apache/avro/util/Utf8.java,14,165,100,non-bug-prone
lang/java/avro/src/test/java/org/apache/avro/util/TestUtf8.java,10,91,18,non-bug-prone
lang/java/compiler/src/test/java/org/apache/avro/compiler/schema/TestSchemas.java,4,433,153,non-bug-prone
lang/java/avro/src/test/java/org/apache/avro/FooBarSpecificRecord.java,9,456,219,non-bug-prone
lang/java/avro/src/test/java/org/apache/avro/specific/TestRecordWithLogicalTypes.java,10,630,331,non-bug-prone
lang/java/avro/src/test/java/org/apache/avro/specific/TestRecordWithoutLogicalTypes.java,6,231,117,non-bug-prone
lang/java/avro/src/main/java/org/apache/avro/file/BZip2Codec.java,8,35,52,non-bug-prone
lang/java/avro/src/main/java/org/apache/avro/file/DataFileWriter.java,13,173,150,non-bug-prone
lang/java/avro/src/main/java/org/apache/avro/file/DeflateCodec.java,7,32,50,non-bug-prone
lang/java/avro/src/main/java/org/apache/avro/file/XZCodec.java,8,27,50,non-bug-prone
lang/java/avro/src/main/java/org/apache/avro/file/ZstandardCodec.java,8,205,101,non-bug-prone
lang/java/avro/src/main/java/org/apache/avro/util/NonCopyingByteArrayOutputStream.java,1,51,0,non-bug-prone
lang/java/integration-test/codegen-test/src/test/java/org/apache/avro/codegentest/TestCustomConversion.java,6,99,28,non-bug-prone
lang/java/integration-test/test-custom-conversions/src/main/java/org/apache/avro/codegentest/CustomEnumConversion.java,1,52,0,non-bug-prone
lang/java/integration-test/test-custom-conversions/src/main/java/org/apache/avro/codegentest/CustomEnumLogicalTypeFactory.java,1,51,0,non-bug-prone
lang/java/integration-test/test-custom-conversions/src/main/java/org/apache/avro/codegentest/CustomEnumType.java,1,35,0,non-bug-prone
lang/java/maven-plugin/src/main/java/org/apache/avro/mojo/AbstractAvroMojo.java,18,212,101,bug-prone
lang/java/avro/src/main/java/org/apache/avro/generic/GenericData.java,38,824,539,bug-prone
lang/java/ipc-netty/src/main/java/org/apache/avro/ipc/netty/NettyTransceiver.java,10,239,292,non-bug-prone
lang/java/avro/src/main/java/org/apache/avro/specific/SpecificErrorBuilderBase.java,4,19,6,non-bug-prone
lang/java/avro/src/main/java/org/apache/avro/specific/SpecificRecordBuilderBase.java,5,21,9,non-bug-prone
lang/java/tools/src/test/compiler/output-string/avro/examples/baseball/Proto.java,2,28,1,bug-prone
lang/java/avro/src/test/java/org/apache/avro/TestCircularReferences.java,9,63,72,bug-prone
lang/java/avro/src/test/java/org/apache/avro/TestDataFile.java,15,163,179,bug-prone
lang/java/avro/src/test/java/org/apache/avro/TestReadingWritingDataInEvolvedSchemas.java,10,478,48,bug-prone
lang/java/avro/src/test/java/org/apache/avro/TestSchemaCompatibilityEnumDefaults.java,5,191,55,non-bug-prone
lang/java/avro/src/test/java/org/apache/avro/data/TestTimeConversions.java,8,225,243,non-bug-prone
lang/java/avro/src/test/java/org/apache/avro/generic/TestGenericData.java,19,537,282,bug-prone
lang/java/avro/src/test/java/org/apache/avro/io/TestBinaryDecoder.java,12,127,96,bug-prone
lang/java/avro/src/test/java/org/apache/avro/io/TestValidatingIO.java,10,357,457,non-bug-prone
lang/java/avro/src/test/java/org/apache/avro/message/TestBinaryMessageEncoding.java,11,400,152,bug-prone
lang/java/avro/src/test/java/org/apache/avro/reflect/TestByteBuffer.java,8,61,70,non-bug-prone
lang/java/avro/src/test/java/org/apache/avro/reflect/TestNonStringMapKeys.java,14,257,219,non-bug-prone
lang/java/avro/src/test/java/org/apache/avro/reflect/TestReflect.java,23,646,345,bug-prone
lang/java/avro/src/test/java/org/apache/avro/reflect/TestReflectLogicalTypes.java,10,190,250,bug-prone
lang/java/avro/src/test/java/org/apache/avro/util/internal/TestJacksonUtils.java,7,44,39,non-bug-prone
lang/java/ipc/src/test/java/org/apache/avro/TestProtocolSpecific.java,14,142,123,bug-prone
lang/java/ipc/src/test/java/org/apache/avro/ipc/stats/TestHistogram.java,6,33,33,non-bug-prone
lang/java/ipc/src/test/java/org/apache/avro/specific/TestSpecificBuilderTree.java,11,302,229,non-bug-prone
lang/java/ipc/src/test/java/org/apache/avro/specific/TestSpecificData.java,9,56,72,non-bug-prone
lang/java/mapred/src/test/java/org/apache/avro/mapred/TestAvroMultipleOutputs.java,9,143,169,non-bug-prone
lang/java/mapred/src/test/java/org/apache/avro/mapred/TestWordCount.java,7,72,72,non-bug-prone
lang/java/protobuf/src/test/java/org/apache/avro/protobuf/TestProtoConversions.java,3,175,5,non-bug-prone
lang/java/tools/src/test/java/org/apache/avro/tool/TestConcatTool.java,10,320,236,non-bug-prone
lang/java/tools/src/test/java/org/apache/avro/tool/TestDataFileRepairTool.java,9,62,77,non-bug-prone
lang/java/tools/src/test/java/org/apache/avro/tool/TestJsonToFromBinaryFragmentTools.java,7,41,44,non-bug-prone
lang/java/tools/src/test/java/org/apache/avro/tool/TestTextFileTools.java,10,60,55,bug-prone
lang/java/tools/src/test/java/org/apache/avro/tool/TestUtil.java,2,58,3,non-bug-prone
lang/java/avro/src/main/java/org/apache/avro/reflect/CustomEncoding.java,4,8,10,non-bug-prone
lang/java/avro/src/test/java/org/apache/avro/TypeEnum.java,4,16,6,bug-prone
lang/java/grpc/src/main/java/org/apache/avro/grpc/AvroGrpcClient.java,7,199,33,non-bug-prone
lang/java/ipc/src/main/java/org/apache/avro/ipc/Requestor.java,7,155,143,bug-prone
lang/java/ipc/src/main/java/org/apache/avro/ipc/stats/Histogram.java,6,30,27,non-bug-prone
lang/java/mapred/src/main/java/org/apache/avro/hadoop/io/AvroDatumConverter.java,4,5,4,non-bug-prone
lang/java/mapred/src/main/java/org/apache/avro/mapred/AvroMultipleOutputs.java,7,140,181,non-bug-prone
lang/java/mapred/src/main/java/org/apache/avro/mapreduce/AvroKeyValueOutputFormat.java,6,34,24,bug-prone
lang/java/mapred/src/test/java/org/apache/avro/mapreduce/AvroFiles.java,5,11,11,non-bug-prone
lang/java/trevni/avro/src/main/java/org/apache/trevni/avro/mapreduce/AvroTrevniKeyOutputFormat.java,5,20,16,non-bug-prone
lang/java/trevni/avro/src/main/java/org/apache/trevni/avro/mapreduce/AvroTrevniKeyValueInputFormat.java,5,21,20,non-bug-prone
lang/java/trevni/avro/src/main/java/org/apache/trevni/avro/mapreduce/AvroTrevniKeyValueOutputFormat.java,5,34,26,non-bug-prone
lang/java/trevni/avro/src/main/java/org/apache/trevni/avro/mapreduce/AvroTrevniRecordReaderBase.java,5,15,12,non-bug-prone
lang/java/trevni/avro/src/main/java/org/apache/trevni/avro/mapreduce/AvroTrevniRecordWriterBase.java,9,31,31,non-bug-prone
lang/java/trevni/core/src/main/java/org/apache/trevni/ValueType.java,5,11,5,non-bug-prone
lang/java/avro/src/main/java/org/apache/avro/Conversions.java,9,251,105,bug-prone
lang/java/avro/src/main/java/org/apache/avro/io/parsing/ResolvingGrammarGenerator.java,22,515,710,bug-prone
lang/java/ipc-netty/src/test/java/org/apache/avro/ipc/netty/TestNettyServerWithCallbacks.java,6,80,108,non-bug-prone
lang/java/perf/src/main/java/org/apache/avro/perf/test/basic/UnchangedUnionTest.java,1,2,2,non-bug-prone
lang/java/tools/src/main/java/org/apache/avro/tool/CatTool.java,6,33,44,non-bug-prone
lang/java/ipc/src/test/java/org/apache/avro/TestSchema.java,13,433,512,bug-prone
lang/java/thrift/src/test/java/org/apache/avro/thrift/test/E.java,4,14,18,non-bug-prone
lang/java/thrift/src/test/java/org/apache/avro/thrift/test/Error.java,6,116,118,non-bug-prone
lang/java/thrift/src/test/java/org/apache/avro/thrift/test/Foo.java,7,782,609,non-bug-prone
lang/java/thrift/src/test/java/org/apache/avro/thrift/test/FooOrBar.java,5,197,201,non-bug-prone
lang/java/thrift/src/test/java/org/apache/avro/thrift/test/Nested.java,6,122,125,non-bug-prone
lang/java/thrift/src/test/java/org/apache/avro/thrift/test/Test.java,6,754,622,non-bug-prone
lang/java/avro/src/main/java/org/apache/avro/file/ZstandardLoader.java,5,62,12,non-bug-prone
lang/java/tools/src/test/java/org/apache/avro/tool/TestSpecificCompilerTool.java,11,163,76,non-bug-prone
lang/java/avro/src/test/java/org/apache/avro/TestSchemaWarnings.java,1,109,0,non-bug-prone
lang/java/avro/src/main/java/org/apache/avro/file/CodecFactory.java,10,116,56,non-bug-prone
lang/java/mapred/src/main/java/org/apache/avro/mapred/AvroOutputFormat.java,6,57,46,non-bug-prone
lang/java/mapred/src/main/java/org/apache/avro/mapreduce/AvroOutputFormatBase.java,4,28,21,non-bug-prone
lang/java/avro/src/main/java/org/apache/avro/file/DataFileReader.java,12,201,121,bug-prone
lang/java/avro/src/test/java/org/apache/avro/TestDataFileReader.java,8,258,24,bug-prone
lang/java/tools/src/main/java/org/apache/avro/tool/SpecificCompilerTool.java,15,267,146,non-bug-prone
lang/java/tools/src/test/compiler/output/FieldVisibilityTest.java,3,506,506,non-bug-prone
lang/java/avro/src/test/java/org/apache/avro/io/parsing/TestResolvingGrammarGenerator2.java,6,95,76,bug-prone
lang/java/avro/src/main/java/org/apache/avro/file/DataFileStream.java,10,90,66,bug-prone
lang/java/protobuf/src/main/java/org/apache/avro/protobuf/ProtobufData.java,21,160,107,bug-prone
lang/java/avro/src/test/java/org/apache/avro/generic/TestSkipEnumSchema.java,1,53,0,bug-prone
lang/java/ipc/src/test/java/org/apache/avro/generic/TestBuilderCopy.java,1,52,0,non-bug-prone
lang/java/thrift/src/main/java/org/apache/avro/thrift/ThriftData.java,7,50,50,bug-prone
lang/java/avro/src/test/java/org/apache/avro/TestDecimalConversion.java,1,211,0,bug-prone
lang/java/integration-test/test-custom-conversions/src/main/java/org/apache/avro/codegentest/FixedSizeString.java,1,65,0,bug-prone
lang/java/integration-test/test-custom-conversions/src/main/java/org/apache/avro/codegentest/FixedSizeStringConversion.java,1,63,0,bug-prone
lang/java/integration-test/test-custom-conversions/src/main/java/org/apache/avro/codegentest/FixedSizeStringFactory.java,1,38,0,bug-prone
lang/java/integration-test/test-custom-conversions/src/main/java/org/apache/avro/codegentest/FixedSizeStringLogicalType.java,1,65,0,bug-prone
lang/java/ipc/src/test/java/org/apache/avro/generic/TestDeepCopy.java,6,48,34,bug-prone
lang/java/ipc-netty/src/main/java/org/apache/avro/ipc/netty/NettyServer.java,5,121,153,non-bug-prone
lang/java/ipc-netty/src/main/java/org/apache/avro/ipc/netty/NettyTransportCodec.java,5,45,55,bug-prone
lang/java/ipc-netty/src/test/java/org/apache/avro/ipc/netty/TestNettyServer.java,5,49,51,non-bug-prone
lang/java/ipc-netty/src/test/java/org/apache/avro/ipc/netty/TestNettyServerConcurrentExecution.java,4,40,54,bug-prone
lang/java/ipc-netty/src/test/java/org/apache/avro/ipc/netty/TestNettyServerWithCompression.java,3,24,74,non-bug-prone
lang/java/ipc-netty/src/test/java/org/apache/avro/ipc/netty/TestNettyServerWithSSL.java,3,48,98,non-bug-prone
lang/java/ipc-netty/src/test/java/org/apache/avro/ipc/netty/TestNettyTransceiverWhenServerStops.java,4,27,39,non-bug-prone
lang/java/ipc-netty/src/test/java/org/apache/avro/ipc/netty/TestProtocolNetty.java,3,3,3,non-bug-prone
lang/java/integration-test/codegen-test/src/test/java/org/apache/avro/codegentest/TestNestedLogicalTypes.java,5,104,20,bug-prone
lang/java/integration-test/test-custom-conversions/src/main/java/org/apache/avro/codegentest/CustomDecimal.java,2,5,1,bug-prone
lang/java/integration-test/test-custom-conversions/src/main/java/org/apache/avro/codegentest/CustomDecimalConversion.java,2,25,1,bug-prone
lang/java/avro/src/main/java/org/apache/avro/data/TimeConversions.java,7,169,47,bug-prone
lang/java/avro/src/main/java/org/apache/avro/file/SnappyCodec.java,9,41,32,bug-prone
lang/java/avro/src/main/java/org/apache/avro/io/DirectBinaryDecoder.java,5,30,37,bug-prone
lang/java/avro/src/main/java/org/apache/avro/util/ByteBufferOutputStream.java,6,23,18,bug-prone
lang/java/avro/src/main/java/org/apache/avro/util/ReusableByteBufferInputStream.java,3,99,5,bug-prone
lang/java/ipc/src/main/java/org/apache/avro/ipc/DatagramTransceiver.java,6,28,22,bug-prone
lang/java/ipc/src/main/java/org/apache/avro/ipc/HttpTransceiver.java,7,33,35,bug-prone
lang/java/ipc/src/main/java/org/apache/avro/ipc/SaslSocketTransceiver.java,10,116,93,bug-prone
lang/java/ipc/src/main/java/org/apache/avro/ipc/SocketTransceiver.java,6,36,25,bug-prone
lang/java/mapred/src/main/java/org/apache/avro/mapred/AvroTextOutputFormat.java,7,25,26,bug-prone
lang/java/protobuf/src/main/java/org/apache/avro/protobuf/ProtoConversions.java,3,146,5,bug-prone
lang/java/tools/src/main/java/org/apache/avro/tool/FromTextTool.java,6,25,26,bug-prone
lang/java/trevni/core/src/main/java/org/apache/trevni/Crc32Checksum.java,4,12,7,bug-prone
lang/java/trevni/core/src/main/java/org/apache/trevni/InputBuffer.java,5,77,63,bug-prone
lang/java/trevni/core/src/main/java/org/apache/trevni/SnappyCodec.java,6,19,18,bug-prone
lang/java/trevni/core/src/test/java/org/apache/trevni/TestAllCodecs.java,2,126,6,bug-prone
lang/java/tools/src/main/java/org/apache/avro/tool/Main.java,9,38,55,bug-prone
lang/java/tools/src/main/java/org/apache/avro/tool/RecordCountTool.java,1,89,0,non-bug-prone
lang/java/tools/src/test/java/org/apache/avro/tool/TestRecordCountTool.java,1,99,0,non-bug-prone
lang/java/avro/src/main/java/org/apache/avro/generic/GenericRecord.java,4,12,4,bug-prone
lang/java/avro/src/main/java/org/apache/avro/UnresolvedUnionException.java,4,9,3,non-bug-prone
doc/examples/java-example/src/main/java/example/GenericMain.java,4,12,10,bug-prone
doc/examples/java-example/src/main/java/example/SpecificMain.java,3,10,10,non-bug-prone
lang/java/avro/src/test/java/org/apache/avro/TestDataFileDeflate.java,5,14,14,non-bug-prone
lang/java/avro/src/test/java/org/apache/avro/TestDataFileMeta.java,7,34,26,non-bug-prone
lang/java/mapred/src/test/java/org/apache/avro/hadoop/io/TestAvroSequenceFile.java,5,107,116,non-bug-prone
lang/java/mapred/src/test/java/org/apache/avro/mapred/TestAvroTextOutputFormat.java,7,22,22,non-bug-prone
lang/java/mapred/src/test/java/org/apache/avro/mapred/tether/TestWordCountTether.java,8,38,36,non-bug-prone
lang/java/mapred/src/test/java/org/apache/avro/mapreduce/TestCombineAvroKeyValueFileInputFormat.java,6,145,30,bug-prone
lang/java/tools/src/main/java/org/apache/avro/tool/DataFileGetMetaTool.java,5,12,16,non-bug-prone
lang/java/tools/src/main/java/org/apache/avro/tool/DataFileGetSchemaTool.java,5,8,9,non-bug-prone
lang/java/tools/src/main/java/org/apache/avro/tool/RecodecTool.java,6,12,14,bug-prone
lang/java/tools/src/test/java/org/apache/avro/tool/TestRecodecTool.java,7,146,154,non-bug-prone
lang/java/tools/src/test/java/org/apache/avro/tool/TestTetherTool.java,9,36,52,non-bug-prone
lang/java/trevni/avro/src/test/java/org/apache/trevni/avro/TestEvolvedSchema.java,8,48,66,non-bug-prone
lang/java/trevni/core/src/test/java/org/apache/trevni/TestIOBuffers.java,5,83,27,non-bug-prone
lang/java/trevni/core/src/test/java/org/apache/trevni/TestInputBytes.java,6,9,10,bug-prone
lang/java/tools/src/main/java/org/apache/avro/tool/Util.java,12,182,134,bug-prone
lang/java/avro/src/main/java/org/apache/avro/util/internal/JacksonUtils.java,13,73,38,bug-prone
lang/java/ipc/src/test/java/org/apache/avro/compiler/specific/TestSpecificCompiler.java,12,270,351,bug-prone
lang/java/compiler/src/main/java/org/apache/avro/compiler/schema/SchemaVisitor.java,10,137,83,bug-prone
lang/java/mapred/src/main/java/org/apache/avro/mapred/tether/TetherJob.java,8,53,50,bug-prone
lang/java/avro/src/main/java/org/apache/avro/message/BinaryMessageEncoder.java,6,150,26,non-bug-prone
lang/java/mapred/src/main/java/org/apache/avro/hadoop/io/AvroSequenceFile.java,9,109,102,non-bug-prone
lang/java/trevni/core/src/main/java/org/apache/trevni/BZip2Codec.java,4,10,17,non-bug-prone
lang/java/trevni/core/src/main/java/org/apache/trevni/Codec.java,4,10,4,non-bug-prone
lang/java/trevni/core/src/main/java/org/apache/trevni/DeflateCodec.java,4,9,11,non-bug-prone
lang/java/trevni/core/src/test/java/org/apache/trevni/TestBZip2Codec.java,5,11,80,non-bug-prone
lang/java/ipc/src/test/java/org/apache/avro/io/Perf.java,11,620,396,bug-prone
lang/java/avro/src/test/java/org/apache/avro/reflect/TestReflectData.java,9,118,24,non-bug-prone
lang/java/maven-plugin/src/main/java/org/apache/avro/mojo/ProtocolMojo.java,12,31,13,bug-prone
lang/java/maven-plugin/src/main/java/org/apache/avro/mojo/SchemaMojo.java,12,31,15,non-bug-prone
lang/java/mapred/src/main/java/org/apache/avro/mapred/AvroInputFormat.java,5,18,21,non-bug-prone
lang/java/protobuf/src/test/java/org/apache/avro/protobuf/TestProtobuf.java,9,74,18,non-bug-prone
lang/java/perf/src/main/java/org/apache/avro/perf/test/record/RecordTest.java,1,15,7,non-bug-prone
lang/java/avro/src/test/java/org/apache/avro/io/TestBinaryData.java,1,41,0,non-bug-prone
lang/java/avro/src/main/java/org/apache/avro/data/RecordBuilderBase.java,11,80,78,non-bug-prone
lang/java/mapred/src/main/java/org/apache/avro/hadoop/file/SortedKeyValueFile.java,7,115,110,non-bug-prone
lang/java/avro/src/main/java/org/apache/avro/io/ParsingDecoder.java,4,11,11,non-bug-prone
lang/java/avro/src/main/java/org/apache/avro/io/FastReaderBuilder.java,2,615,1,non-bug-prone
lang/java/avro/src/main/java/org/apache/avro/io/ReflectionUtils.java,2,73,73,non-bug-prone
lang/java/tools/src/main/java/org/apache/avro/tool/DataFileReadTool.java,7,68,25,non-bug-prone
lang/java/tools/src/test/java/org/apache/avro/tool/TestDataFileTools.java,11,191,153,bug-prone
lang/java/avro/src/main/java/org/apache/avro/file/DataFileReader12.java,9,60,50,non-bug-prone
lang/java/avro/src/test/java/org/apache/avro/TestSchemaValidation.java,13,339,202,bug-prone
lang/java/ipc/src/main/java/org/apache/avro/ipc/stats/StatsServlet.java,7,49,75,non-bug-prone
lang/java/ipc/src/test/java/org/apache/avro/ipc/TestSaslAnonymous.java,4,20,19,non-bug-prone
lang/java/mapred/src/test/java/org/apache/avro/hadoop/file/TestSortedKeyValueFile.java,6,117,165,non-bug-prone
lang/java/tools/src/main/java/org/apache/avro/tool/TetherTool.java,8,28,50,non-bug-prone
lang/java/avro/src/main/java/org/apache/avro/io/ResolvingDecoder.java,13,111,98,bug-prone
lang/java/avro/src/main/java/org/apache/avro/io/parsing/Parser.java,4,41,46,bug-prone
lang/java/avro/src/main/java/org/apache/avro/specific/SpecificDatumReader.java,6,48,29,bug-prone
lang/java/mapred/src/main/java/org/apache/avro/mapred/AvroMultipleInputs.java,7,78,74,non-bug-prone
lang/java/mapred/src/main/java/org/apache/avro/mapred/DelegatingInputFormat.java,7,55,60,non-bug-prone
lang/java/mapred/src/main/java/org/apache/avro/mapred/tether/TetheredProcess.java,8,47,54,non-bug-prone
lang/java/integration-test/codegen-test/src/test/java/org/apache/avro/codegentest/TestLogicalTypeForStringType.java,1,46,0,bug-prone
lang/java/mapred/src/main/java/org/apache/avro/mapred/Pair.java,6,252,147,non-bug-prone
lang/java/avro/src/main/java/org/apache/avro/io/BufferedBinaryEncoder.java,6,45,32,bug-prone
lang/java/avro/src/main/java/org/apache/avro/io/DirectBinaryEncoder.java,5,23,19,non-bug-prone
lang/java/avro/src/main/java/org/apache/avro/io/JsonDecoder.java,15,152,341,bug-prone
lang/java/avro/src/main/java/org/apache/avro/io/JsonEncoder.java,9,48,50,non-bug-prone
lang/java/avro/src/main/java/org/apache/avro/io/ValidatingDecoder.java,4,10,15,non-bug-prone
lang/java/ipc/src/main/java/org/apache/avro/ipc/Ipc.java,5,39,24,non-bug-prone
lang/java/ipc/src/test/java/org/apache/avro/specific/TestSpecificRecordBuilder.java,10,67,86,bug-prone
lang/java/avro/src/main/java/org/apache/avro/data/JodaTimeConversions.java,2,1,178,non-bug-prone
lang/java/avro/src/test/java/org/apache/avro/data/TestJodaTimeConversions.java,3,246,246,non-bug-prone
lang/java/avro/src/test/java/org/apache/avro/specific/TestRecordWithJsr310LogicalTypes.java,7,1302,1302,non-bug-prone
lang/java/avro/src/test/java/org/apache/avro/specific/TestSpecificLogicalTypes.java,14,261,471,non-bug-prone
lang/java/avro/src/test/java/org/apache/avro/specific/TestSpecificToFromByteArray.java,8,176,91,non-bug-prone
lang/java/compiler/src/main/java/org/apache/avro/compiler/specific/ProtocolTask.java,8,40,34,non-bug-prone
lang/java/compiler/src/main/java/org/apache/avro/compiler/specific/SchemaTask.java,6,18,9,non-bug-prone
lang/java/maven-plugin/src/test/java/org/apache/avro/mojo/AbstractAvroMojoTest.java,6,17,18,non-bug-prone
lang/java/maven-plugin/src/test/java/org/apache/avro/mojo/TestInduceMojo.java,6,108,6,non-bug-prone
lang/java/maven-plugin/src/test/java/org/apache/avro/mojo/TestProtocolMojo.java,6,69,43,non-bug-prone
lang/java/maven-plugin/src/test/java/org/apache/avro/mojo/TestSchemaMojo.java,6,74,48,non-bug-prone
lang/java/grpc/src/main/java/org/apache/avro/grpc/AvroRequestMarshaller.java,6,113,10,non-bug-prone
lang/java/grpc/src/main/java/org/apache/avro/grpc/AvroResponseMarshaller.java,6,141,11,non-bug-prone
lang/java/avro/src/main/java/org/apache/avro/SchemaCompatibility.java,16,979,609,bug-prone
lang/java/tools/src/main/java/org/apache/avro/tool/DataFileWriteTool.java,5,14,24,bug-prone
lang/java/tools/src/test/java/org/apache/avro/tool/TestCreateRandomFileTool.java,9,104,68,bug-prone
lang/java/avro/src/main/java/org/apache/avro/Conversion.java,5,50,62,non-bug-prone
lang/java/avro/src/test/java/org/apache/avro/util/CaseFinder.java,5,120,110,non-bug-prone
lang/java/avro/src/main/java/org/apache/avro/io/DecoderFactory.java,5,90,100,non-bug-prone
lang/java/ipc/src/main/java/org/apache/avro/ipc/SaslSocketServer.java,6,75,51,non-bug-prone
lang/java/mapred/src/main/java/org/apache/avro/mapred/AvroAsTextInputFormat.java,5,5,7,non-bug-prone
doc/examples/mr-example/src/main/java/example/AvroWordCount.java,2,2,2,non-bug-prone
doc/examples/mr-example/src/main/java/example/GenerateData.java,2,2,2,non-bug-prone
doc/examples/mr-example/src/main/java/example/MapReduceAvroWordCount.java,2,2,2,non-bug-prone
doc/examples/mr-example/src/main/java/example/MapReduceColorCount.java,2,2,2,non-bug-prone
doc/examples/mr-example/src/main/java/example/MapredColorCount.java,2,2,2,non-bug-prone
lang/java/archetypes/avro-service-archetype/src/main/resources/archetype-resources/src/main/java/service/SimpleOrderService.java,3,3,4,bug-prone
lang/java/archetypes/avro-service-archetype/src/main/resources/archetype-resources/src/main/java/transport/SimpleOrderServiceClient.java,5,9,10,bug-prone
lang/java/archetypes/avro-service-archetype/src/main/resources/archetype-resources/src/main/java/transport/SimpleOrderServiceEndpoint.java,3,3,3,non-bug-prone
lang/java/archetypes/avro-service-archetype/src/main/resources/archetype-resources/src/test/java/integration/SimpleOrderServiceIntegrationTest.java,2,2,2,non-bug-prone
lang/java/avro/src/main/java/org/apache/avro/AvroMissingFieldException.java,4,51,4,non-bug-prone
lang/java/avro/src/main/java/org/apache/avro/AvroRemoteException.java,4,8,8,bug-prone
lang/java/avro/src/main/java/org/apache/avro/AvroRuntimeException.java,3,10,5,non-bug-prone
lang/java/avro/src/main/java/org/apache/avro/AvroTypeException.java,3,6,5,non-bug-prone
lang/java/avro/src/main/java/org/apache/avro/InvalidAvroMagicException.java,2,27,1,non-bug-prone
lang/java/avro/src/main/java/org/apache/avro/InvalidNumberEncodingException.java,2,27,1,non-bug-prone
lang/java/avro/src/main/java/org/apache/avro/LogicalType.java,4,9,12,non-bug-prone
lang/java/avro/src/main/java/org/apache/avro/SchemaBuilderException.java,3,9,5,non-bug-prone
lang/java/avro/src/main/java/org/apache/avro/SchemaNormalization.java,6,78,65,non-bug-prone
lang/java/avro/src/main/java/org/apache/avro/SchemaParseException.java,3,9,5,non-bug-prone
lang/java/avro/src/main/java/org/apache/avro/SchemaValidationException.java,3,4,6,non-bug-prone
lang/java/avro/src/main/java/org/apache/avro/SchemaValidationStrategy.java,3,3,4,non-bug-prone
lang/java/avro/src/main/java/org/apache/avro/SchemaValidator.java,4,5,4,non-bug-prone
lang/java/avro/src/main/java/org/apache/avro/SchemaValidatorBuilder.java,3,7,7,non-bug-prone
lang/java/avro/src/main/java/org/apache/avro/UnknownAvroCodecException.java,2,27,1,non-bug-prone
lang/java/avro/src/main/java/org/apache/avro/ValidateAll.java,4,5,11,non-bug-prone
lang/java/avro/src/main/java/org/apache/avro/ValidateCanBeRead.java,3,5,6,non-bug-prone
lang/java/avro/src/main/java/org/apache/avro/ValidateCanRead.java,3,7,9,non-bug-prone
lang/java/avro/src/main/java/org/apache/avro/ValidateLatest.java,3,4,6,non-bug-prone
lang/java/avro/src/main/java/org/apache/avro/ValidateMutualRead.java,3,13,18,non-bug-prone
lang/java/avro/src/main/java/org/apache/avro/data/ErrorBuilder.java,2,2,2,non-bug-prone
lang/java/avro/src/main/java/org/apache/avro/data/Json.java,10,53,97,bug-prone
lang/java/avro/src/main/java/org/apache/avro/data/RecordBuilder.java,3,6,6,non-bug-prone
lang/java/avro/src/main/java/org/apache/avro/file/Codec.java,5,27,11,non-bug-prone
lang/java/avro/src/main/java/org/apache/avro/file/DataFileConstants.java,4,7,7,non-bug-prone
lang/java/avro/src/main/java/org/apache/avro/file/FileReader.java,4,12,7,non-bug-prone
lang/java/avro/src/main/java/org/apache/avro/file/NullCodec.java,4,4,4,non-bug-prone
lang/java/avro/src/main/java/org/apache/avro/file/SeekableByteArrayInput.java,4,19,16,non-bug-prone
lang/java/avro/src/main/java/org/apache/avro/file/SeekableFileInput.java,4,27,14,non-bug-prone
lang/java/avro/src/main/java/org/apache/avro/file/SeekableInput.java,3,10,5,non-bug-prone
lang/java/avro/src/main/java/org/apache/avro/file/Syncable.java,2,7,7,non-bug-prone
lang/java/avro/src/main/java/org/apache/avro/file/SyncableFileOutputStream.java,2,22,26,non-bug-prone
lang/java/avro/src/main/java/org/apache/avro/generic/GenericArray.java,4,17,7,non-bug-prone
lang/java/avro/src/main/java/org/apache/avro/generic/GenericContainer.java,3,2,3,non-bug-prone
lang/java/avro/src/main/java/org/apache/avro/generic/GenericEnumSymbol.java,5,6,6,bug-prone
lang/java/avro/src/main/java/org/apache/avro/generic/GenericFixed.java,2,2,2,non-bug-prone
lang/java/avro/src/main/java/org/apache/avro/generic/GenericRecordBuilder.java,4,37,22,non-bug-prone
lang/java/avro/src/main/java/org/apache/avro/generic/IndexedRecord.java,3,16,9,non-bug-prone
lang/java/avro/src/main/java/org/apache/avro/io/BinaryEncoder.java,4,12,8,non-bug-prone
lang/java/avro/src/main/java/org/apache/avro/io/BlockingBinaryEncoder.java,5,109,103,bug-prone
lang/java/avro/src/main/java/org/apache/avro/io/DatumReader.java,3,11,8,non-bug-prone
lang/java/avro/src/main/java/org/apache/avro/io/DatumWriter.java,3,10,7,non-bug-prone
lang/java/avro/src/main/java/org/apache/avro/io/Decoder.java,3,139,121,non-bug-prone
lang/java/avro/src/main/java/org/apache/avro/io/Encoder.java,3,133,114,non-bug-prone
lang/java/avro/src/main/java/org/apache/avro/io/EncoderFactory.java,5,113,127,non-bug-prone
lang/java/avro/src/main/java/org/apache/avro/io/ParsingEncoder.java,3,10,11,non-bug-prone
lang/java/avro/src/main/java/org/apache/avro/io/ValidatingEncoder.java,3,11,16,non-bug-prone
lang/java/avro/src/main/java/org/apache/avro/io/parsing/JsonGrammarGenerator.java,6,22,25,non-bug-prone
lang/java/avro/src/main/java/org/apache/avro/io/parsing/SkipParser.java,3,10,16,non-bug-prone
lang/java/avro/src/main/java/org/apache/avro/io/parsing/Symbol.java,11,203,130,bug-prone
lang/java/avro/src/main/java/org/apache/avro/io/parsing/ValidatingGrammarGenerator.java,5,29,28,non-bug-prone
lang/java/avro/src/main/java/org/apache/avro/message/BadHeaderException.java,2,35,1,non-bug-prone
lang/java/avro/src/main/java/org/apache/avro/message/MessageEncoder.java,3,53,2,non-bug-prone
lang/java/avro/src/main/java/org/apache/avro/message/MissingSchemaException.java,2,36,1,non-bug-prone
lang/java/avro/src/main/java/org/apache/avro/message/RawMessageDecoder.java,5,118,22,non-bug-prone
lang/java/avro/src/main/java/org/apache/avro/message/SchemaStore.java,4,67,3,non-bug-prone
lang/java/avro/src/main/java/org/apache/avro/reflect/ArrayAccessor.java,4,24,32,non-bug-prone
lang/java/avro/src/main/java/org/apache/avro/reflect/AvroAlias.java,5,9,7,non-bug-prone
lang/java/avro/src/main/java/org/apache/avro/reflect/AvroAliases.java,2,29,1,non-bug-prone
lang/java/avro/src/main/java/org/apache/avro/reflect/AvroDefault.java,3,3,3,non-bug-prone
lang/java/avro/src/main/java/org/apache/avro/reflect/AvroDoc.java,4,38,5,non-bug-prone
lang/java/avro/src/main/java/org/apache/avro/reflect/AvroEncode.java,3,7,6,non-bug-prone
lang/java/avro/src/main/java/org/apache/avro/reflect/AvroIgnore.java,3,5,6,non-bug-prone
lang/java/avro/src/main/java/org/apache/avro/reflect/AvroMeta.java,4,14,5,non-bug-prone
lang/java/avro/src/main/java/org/apache/avro/reflect/AvroName.java,3,4,5,non-bug-prone
lang/java/avro/src/main/java/org/apache/avro/reflect/AvroSchema.java,3,15,12,non-bug-prone
lang/java/avro/src/main/java/org/apache/avro/reflect/DateAsLongEncoding.java,4,11,12,non-bug-prone
lang/java/avro/src/main/java/org/apache/avro/reflect/FieldAccess.java,2,2,2,non-bug-prone
lang/java/avro/src/main/java/org/apache/avro/reflect/FieldAccessReflect.java,4,11,11,non-bug-prone
lang/java/avro/src/main/java/org/apache/avro/reflect/FieldAccessUnsafe.java,4,5,4,non-bug-prone
lang/java/avro/src/main/java/org/apache/avro/reflect/FieldAccessor.java,3,3,4,non-bug-prone
lang/java/avro/src/main/java/org/apache/avro/reflect/Nullable.java,3,8,6,non-bug-prone
lang/java/avro/src/main/java/org/apache/avro/reflect/Stringable.java,3,8,7,non-bug-prone
lang/java/avro/src/main/java/org/apache/avro/reflect/Union.java,5,10,9,non-bug-prone
lang/java/avro/src/main/java/org/apache/avro/specific/AvroGenerated.java,2,2,2,non-bug-prone
lang/java/avro/src/main/java/org/apache/avro/specific/ExternalizableInput.java,4,30,11,non-bug-prone
lang/java/avro/src/main/java/org/apache/avro/specific/ExternalizableOutput.java,4,26,10,non-bug-prone
lang/java/avro/src/main/java/org/apache/avro/specific/FixedSize.java,3,3,4,non-bug-prone
lang/java/avro/src/main/java/org/apache/avro/specific/SpecificExceptionBase.java,4,27,17,non-bug-prone
lang/java/avro/src/main/java/org/apache/avro/specific/SpecificFixed.java,3,34,21,non-bug-prone
lang/java/avro/src/main/java/org/apache/avro/specific/SpecificRecord.java,3,5,5,non-bug-prone
lang/java/avro/src/main/java/org/apache/avro/util/ByteBufferInputStream.java,4,38,25,bug-prone
lang/java/avro/src/main/java/org/apache/avro/util/ClassUtils.java,3,19,26,non-bug-prone
lang/java/avro/src/main/java/org/apache/avro/util/ReusableByteArrayInputStream.java,2,36,1,non-bug-prone
lang/java/avro/src/main/java/org/apache/avro/util/WeakIdentityHashMap.java,8,68,35,non-bug-prone
lang/java/avro/src/main/java/org/apache/avro/util/internal/Accessor.java,3,124,3,non-bug-prone
lang/java/avro/src/test/java/NoPackage.java,2,2,2,non-bug-prone
lang/java/avro/src/test/java/org/apache/avro/BarRecord.java,2,2,2,non-bug-prone
lang/java/avro/src/test/java/org/apache/avro/ByteBufferRecord.java,4,75,9,bug-prone
lang/java/avro/src/test/java/org/apache/avro/FooRecord.java,2,2,2,non-bug-prone
lang/java/avro/src/test/java/org/apache/avro/GenerateBlockingData.java,7,20,23,non-bug-prone
lang/java/avro/src/test/java/org/apache/avro/TestDataFileConcat.java,6,51,69,non-bug-prone
lang/java/avro/src/test/java/org/apache/avro/TestDataFileCustomSync.java,7,10,13,non-bug-prone
lang/java/avro/src/test/java/org/apache/avro/TestDataFileReflect.java,7,142,100,bug-prone
lang/java/avro/src/test/java/org/apache/avro/TestFixed.java,8,96,41,bug-prone
lang/java/avro/src/test/java/org/apache/avro/TestSchemaCompatibilityFixedSizeMismatch.java,9,83,23,non-bug-prone
lang/java/avro/src/test/java/org/apache/avro/TestSchemaCompatibilityMissingEnumSymbols.java,9,85,21,non-bug-prone
lang/java/avro/src/test/java/org/apache/avro/TestSchemaCompatibilityMissingUnionBranch.java,9,208,96,non-bug-prone
lang/java/avro/src/test/java/org/apache/avro/TestSchemaCompatibilityMultiple.java,5,228,112,bug-prone
lang/java/avro/src/test/java/org/apache/avro/TestSchemaCompatibilityNameMismatch.java,10,95,35,bug-prone
lang/java/avro/src/test/java/org/apache/avro/TestSchemaCompatibilityReaderFieldMissingDefaultValue.java,9,74,19,non-bug-prone
lang/java/avro/src/test/java/org/apache/avro/TestSchemaCompatibilityTypeMismatch.java,9,183,85,non-bug-prone
lang/java/avro/src/test/java/org/apache/avro/TestSchemaNormalization.java,10,77,58,non-bug-prone
lang/java/avro/src/test/java/org/apache/avro/TestUnionSelfReference.java,5,183,96,bug-prone
lang/java/avro/src/test/java/org/apache/avro/data/RecordBuilderBaseTest.java,5,14,24,non-bug-prone
lang/java/avro/src/test/java/org/apache/avro/file/TestAllCodecs.java,4,133,10,non-bug-prone
lang/java/avro/src/test/java/org/apache/avro/file/TestCustomCodec.java,5,10,12,non-bug-prone
lang/java/avro/src/test/java/org/apache/avro/file/TestIOExceptionDuringWrite.java,4,82,6,non-bug-prone
lang/java/avro/src/test/java/org/apache/avro/file/TestSeekableByteArrayInput.java,6,43,56,non-bug-prone
lang/java/avro/src/test/java/org/apache/avro/file/TestZstandardCodec.java,4,98,63,non-bug-prone
lang/java/avro/src/test/java/org/apache/avro/file/codec/CustomCodec.java,7,19,21,non-bug-prone
lang/java/avro/src/test/java/org/apache/avro/generic/TestGenericConcreteEnum.java,3,95,11,bug-prone
lang/java/avro/src/test/java/org/apache/avro/generic/TestGenericRecordBuilder.java,6,16,22,non-bug-prone
lang/java/avro/src/test/java/org/apache/avro/io/LegacyBinaryEncoder.java,3,32,32,non-bug-prone
lang/java/avro/src/test/java/org/apache/avro/io/TestBinaryEncoderFidelity.java,3,4,4,non-bug-prone
lang/java/avro/src/test/java/org/apache/avro/io/TestBlockingIO.java,9,99,162,non-bug-prone
lang/java/avro/src/test/java/org/apache/avro/io/TestBlockingIO2.java,6,38,96,non-bug-prone
lang/java/avro/src/test/java/org/apache/avro/io/TestJsonDecoder.java,7,24,26,non-bug-prone
lang/java/avro/src/test/java/org/apache/avro/io/TestResolvingIO.java,6,68,116,non-bug-prone
lang/java/avro/src/test/java/org/apache/avro/io/TestResolvingIOResolving.java,5,81,135,non-bug-prone
lang/java/avro/src/test/java/org/apache/avro/io/parsing/SymbolTest.java,6,17,25,non-bug-prone
lang/java/avro/src/test/java/org/apache/avro/reflect/TestReflectAllowNulls.java,4,29,55,non-bug-prone
lang/java/avro/src/test/java/org/apache/avro/reflect/TestReflectDatumReader.java,5,12,18,non-bug-prone
lang/java/avro/src/test/java/org/apache/avro/reflect/TestReflectionUtil.java,4,8,8,non-bug-prone
lang/java/avro/src/test/java/org/apache/avro/specific/TestSpecificData.java,5,26,21,non-bug-prone
lang/java/avro/src/test/java/org/apache/avro/util/TestCaseFinder.java,7,55,60,non-bug-prone
lang/java/compiler/src/main/java/org/apache/avro/compiler/schema/CloningVisitor.java,8,284,109,bug-prone
lang/java/compiler/src/main/java/org/apache/avro/compiler/schema/SchemaVisitorAction.java,7,149,107,bug-prone
lang/java/compiler/src/test/java/org/apache/avro/compiler/idl/TestCycle.java,5,5,11,bug-prone
lang/java/compiler/src/test/java/org/apache/avro/compiler/idl/TestSchemaResolver.java,3,77,8,bug-prone
lang/java/compiler/src/test/java/org/apache/avro/specific/TestGeneratedCode.java,3,102,12,non-bug-prone
lang/java/grpc/src/main/java/org/apache/avro/grpc/AvroGrpcServer.java,5,147,18,non-bug-prone
lang/java/grpc/src/main/java/org/apache/avro/grpc/AvroGrpcUtils.java,4,92,6,non-bug-prone
lang/java/grpc/src/main/java/org/apache/avro/grpc/AvroInputStream.java,5,113,12,non-bug-prone
lang/java/grpc/src/test/java/org/apache/avro/grpc/TestAvroMarshaller.java,3,90,6,non-bug-prone
lang/java/grpc/src/test/java/org/apache/avro/grpc/TestAvroProtocolGrpc.java,7,290,28,bug-prone
lang/java/integration-test/codegen-test/src/test/java/org/apache/avro/codegentest/AbstractSpecificRecordTest.java,3,82,5,non-bug-prone
lang/java/integration-test/codegen-test/src/test/java/org/apache/avro/codegentest/TestLogicalTypesWithDefaults.java,4,84,29,non-bug-prone
lang/java/integration-test/codegen-test/src/test/java/org/apache/avro/codegentest/TestNestedRecordsWithDifferentNamespaces.java,2,35,1,bug-prone
lang/java/integration-test/codegen-test/src/test/java/org/apache/avro/codegentest/TestNullableLogicalTypes.java,4,58,16,non-bug-prone
lang/java/ipc-jetty/src/main/java/org/apache/avro/ipc/jetty/HttpServer.java,2,26,14,non-bug-prone
lang/java/ipc-jetty/src/main/java/org/apache/avro/ipc/jetty/StaticServlet.java,3,7,5,non-bug-prone
lang/java/ipc-jetty/src/main/java/org/apache/avro/ipc/jetty/StatsServer.java,2,5,3,non-bug-prone
lang/java/ipc-jetty/src/test/java/org/apache/avro/ipc/jetty/StatsPluginOverhead.java,3,14,26,bug-prone
lang/java/ipc-jetty/src/test/java/org/apache/avro/ipc/jetty/TestBulkData.java,3,16,19,non-bug-prone
lang/java/ipc-jetty/src/test/java/org/apache/avro/ipc/jetty/TestProtocolHttp.java,4,21,20,bug-prone
lang/java/ipc-jetty/src/test/java/org/apache/avro/ipc/jetty/TestProtocolHttps.java,2,3,5,non-bug-prone
lang/java/ipc-jetty/src/test/java/org/apache/avro/ipc/jetty/TestStatsPluginAndServlet.java,3,25,35,bug-prone
lang/java/ipc-netty/src/test/java/org/apache/avro/ipc/netty/NettyTransceiverWhenFailsToConnect.java,3,41,50,non-bug-prone
lang/java/ipc/src/main/java/org/apache/avro/ipc/CallFuture.java,3,28,25,non-bug-prone
lang/java/ipc/src/main/java/org/apache/avro/ipc/Callback.java,3,7,6,non-bug-prone
lang/java/ipc/src/main/java/org/apache/avro/ipc/DatagramServer.java,4,18,12,non-bug-prone
lang/java/ipc/src/main/java/org/apache/avro/ipc/LocalTransceiver.java,3,3,4,non-bug-prone
lang/java/ipc/src/main/java/org/apache/avro/ipc/RPCContext.java,6,84,73,non-bug-prone
lang/java/ipc/src/main/java/org/apache/avro/ipc/RPCPlugin.java,3,35,23,non-bug-prone
lang/java/ipc/src/main/java/org/apache/avro/ipc/Responder.java,6,67,75,non-bug-prone
lang/java/ipc/src/main/java/org/apache/avro/ipc/ResponderServlet.java,3,4,8,non-bug-prone
lang/java/ipc/src/main/java/org/apache/avro/ipc/Server.java,2,2,2,non-bug-prone
lang/java/ipc/src/main/java/org/apache/avro/ipc/SocketServer.java,6,35,29,bug-prone
lang/java/ipc/src/main/java/org/apache/avro/ipc/Transceiver.java,4,40,32,non-bug-prone
lang/java/ipc/src/main/java/org/apache/avro/ipc/generic/GenericRequestor.java,5,20,55,bug-prone
lang/java/ipc/src/main/java/org/apache/avro/ipc/generic/GenericResponder.java,4,11,13,non-bug-prone
lang/java/ipc/src/main/java/org/apache/avro/ipc/reflect/ReflectRequestor.java,5,22,34,non-bug-prone
lang/java/ipc/src/main/java/org/apache/avro/ipc/reflect/ReflectResponder.java,4,10,11,non-bug-prone
lang/java/ipc/src/main/java/org/apache/avro/ipc/specific/SpecificRequestor.java,7,129,150,bug-prone
lang/java/ipc/src/main/java/org/apache/avro/ipc/specific/SpecificResponder.java,6,16,17,bug-prone
lang/java/ipc/src/main/java/org/apache/avro/ipc/stats/FloatHistogram.java,3,7,6,non-bug-prone
lang/java/ipc/src/main/java/org/apache/avro/ipc/stats/IntegerHistogram.java,3,7,7,non-bug-prone
lang/java/ipc/src/main/java/org/apache/avro/ipc/stats/StatsPlugin.java,5,49,80,non-bug-prone
lang/java/ipc/src/main/java/org/apache/avro/ipc/stats/Stopwatch.java,3,11,8,non-bug-prone
lang/java/ipc/src/test/java/org/apache/avro/RPCMetaTestPlugin.java,5,32,26,non-bug-prone
lang/java/ipc/src/test/java/org/apache/avro/SimpleException.java,3,12,6,non-bug-prone
lang/java/ipc/src/test/java/org/apache/avro/TestAnnotation.java,3,3,3,non-bug-prone
lang/java/ipc/src/test/java/org/apache/avro/TestCompare.java,6,64,94,non-bug-prone
lang/java/ipc/src/test/java/org/apache/avro/TestDataFileSpecific.java,9,39,42,non-bug-prone
lang/java/ipc/src/test/java/org/apache/avro/TestNamespaceReflect.java,3,7,6,non-bug-prone
lang/java/ipc/src/test/java/org/apache/avro/TestNamespaceSpecific.java,6,13,10,bug-prone
lang/java/ipc/src/test/java/org/apache/avro/TestProtocolDatagram.java,3,5,6,non-bug-prone
lang/java/ipc/src/test/java/org/apache/avro/TestProtocolGeneric.java,7,73,94,bug-prone
lang/java/ipc/src/test/java/org/apache/avro/TestProtocolGenericMeta.java,3,6,4,non-bug-prone
lang/java/ipc/src/test/java/org/apache/avro/TestProtocolParsing.java,4,13,27,non-bug-prone
lang/java/ipc/src/test/java/org/apache/avro/TestProtocolReflect.java,4,41,21,bug-prone
lang/java/ipc/src/test/java/org/apache/avro/TestProtocolReflectMeta.java,5,7,6,non-bug-prone
lang/java/ipc/src/test/java/org/apache/avro/TestProtocolSpecificMeta.java,3,3,4,non-bug-prone
lang/java/ipc/src/test/java/org/apache/avro/ipc/TestLocalTransceiver.java,4,8,14,bug-prone
lang/java/ipc/src/test/java/org/apache/avro/ipc/TestRpcPluginOrdering.java,4,8,14,bug-prone
lang/java/ipc/src/test/java/org/apache/avro/ipc/TestSaslDigestMd5.java,3,34,43,non-bug-prone
lang/java/ipc/src/test/java/org/apache/avro/ipc/specific/TestSpecificRequestor.java,3,4,3,non-bug-prone
lang/java/ipc/src/test/java/org/apache/avro/ipc/stats/FakeTicks.java,3,3,3,non-bug-prone
lang/java/ipc/src/test/java/org/apache/avro/ipc/stats/TestStopwatch.java,3,6,7,non-bug-prone
lang/java/ipc/src/test/java/org/apache/avro/message/TestCustomSchemaStore.java,6,86,5,non-bug-prone
lang/java/ipc/src/test/java/org/apache/avro/specific/TestSpecificDatumReader.java,5,16,17,non-bug-prone
lang/java/ipc/src/test/java/org/apache/avro/specific/TestSpecificErrorBuilder.java,3,7,10,non-bug-prone
lang/java/mapred/src/main/java/org/apache/avro/hadoop/file/HadoopCodecFactory.java,4,27,19,non-bug-prone
lang/java/mapred/src/main/java/org/apache/avro/hadoop/io/AvroDatumConverterFactory.java,3,30,33,non-bug-prone
lang/java/mapred/src/main/java/org/apache/avro/hadoop/io/AvroDeserializer.java,5,24,21,non-bug-prone
lang/java/mapred/src/main/java/org/apache/avro/hadoop/io/AvroKeyComparator.java,3,5,3,non-bug-prone
lang/java/mapred/src/main/java/org/apache/avro/hadoop/io/AvroKeyDeserializer.java,4,6,8,non-bug-prone
lang/java/mapred/src/main/java/org/apache/avro/hadoop/io/AvroKeyValue.java,4,10,10,non-bug-prone
lang/java/mapred/src/main/java/org/apache/avro/hadoop/io/AvroSerialization.java,7,59,41,non-bug-prone
lang/java/mapred/src/main/java/org/apache/avro/hadoop/io/AvroSerializer.java,6,22,25,non-bug-prone
lang/java/mapred/src/main/java/org/apache/avro/hadoop/io/AvroValueDeserializer.java,4,6,8,non-bug-prone
lang/java/mapred/src/main/java/org/apache/avro/hadoop/util/AvroCharSequenceComparator.java,5,24,21,non-bug-prone
lang/java/mapred/src/main/java/org/apache/avro/mapred/AvroAsTextRecordReader.java,5,17,14,non-bug-prone
lang/java/mapred/src/main/java/org/apache/avro/mapred/AvroCollector.java,2,2,2,non-bug-prone
lang/java/mapred/src/main/java/org/apache/avro/mapred/AvroJob.java,6,43,41,non-bug-prone
lang/java/mapred/src/main/java/org/apache/avro/mapred/AvroKey.java,3,8,4,non-bug-prone
lang/java/mapred/src/main/java/org/apache/avro/mapred/AvroKeyComparator.java,4,5,4,non-bug-prone
lang/java/mapred/src/main/java/org/apache/avro/mapred/AvroMapper.java,3,11,10,non-bug-prone
lang/java/mapred/src/main/java/org/apache/avro/mapred/AvroRecordReader.java,5,23,21,non-bug-prone
lang/java/mapred/src/main/java/org/apache/avro/mapred/AvroReducer.java,4,18,15,non-bug-prone
lang/java/mapred/src/main/java/org/apache/avro/mapred/AvroSerialization.java,6,26,22,non-bug-prone
lang/java/mapred/src/main/java/org/apache/avro/mapred/AvroUtf8InputFormat.java,5,20,22,non-bug-prone
lang/java/mapred/src/main/java/org/apache/avro/mapred/AvroValue.java,3,8,4,non-bug-prone
lang/java/mapred/src/main/java/org/apache/avro/mapred/AvroWrapper.java,5,21,13,non-bug-prone
lang/java/mapred/src/main/java/org/apache/avro/mapred/DelegatingMapper.java,4,12,14,non-bug-prone
lang/java/mapred/src/main/java/org/apache/avro/mapred/FsInput.java,2,2,2,non-bug-prone
lang/java/mapred/src/main/java/org/apache/avro/mapred/HadoopCombiner.java,5,22,22,non-bug-prone
lang/java/mapred/src/main/java/org/apache/avro/mapred/HadoopMapper.java,4,17,18,non-bug-prone
lang/java/mapred/src/main/java/org/apache/avro/mapred/HadoopReducer.java,5,16,16,non-bug-prone
lang/java/mapred/src/main/java/org/apache/avro/mapred/HadoopReducerBase.java,4,35,18,non-bug-prone
lang/java/mapred/src/main/java/org/apache/avro/mapred/MapCollector.java,5,12,11,non-bug-prone
lang/java/mapred/src/main/java/org/apache/avro/mapred/SequenceFileInputFormat.java,4,6,8,non-bug-prone
lang/java/mapred/src/main/java/org/apache/avro/mapred/SequenceFileReader.java,6,105,130,non-bug-prone
lang/java/mapred/src/main/java/org/apache/avro/mapred/SequenceFileRecordReader.java,4,6,9,non-bug-prone
lang/java/mapred/src/main/java/org/apache/avro/mapred/TaggedInputSplit.java,5,17,14,non-bug-prone
lang/java/mapred/src/main/java/org/apache/avro/mapred/tether/TetherData.java,3,23,11,non-bug-prone
lang/java/mapred/src/main/java/org/apache/avro/mapred/tether/TetherInputFormat.java,4,8,11,non-bug-prone
lang/java/mapred/src/main/java/org/apache/avro/mapred/tether/TetherKeyComparator.java,3,5,10,non-bug-prone
lang/java/mapred/src/main/java/org/apache/avro/mapred/tether/TetherKeySerialization.java,3,6,6,non-bug-prone
lang/java/mapred/src/main/java/org/apache/avro/mapred/tether/TetherMapRunner.java,3,12,18,non-bug-prone
lang/java/mapred/src/main/java/org/apache/avro/mapred/tether/TetherOutputFormat.java,4,19,21,non-bug-prone
lang/java/mapred/src/main/java/org/apache/avro/mapred/tether/TetherOutputService.java,5,26,15,non-bug-prone
lang/java/mapred/src/main/java/org/apache/avro/mapred/tether/TetherPartitioner.java,5,8,7,non-bug-prone
lang/java/mapred/src/main/java/org/apache/avro/mapred/tether/TetherRecordReader.java,5,28,19,non-bug-prone
lang/java/mapred/src/main/java/org/apache/avro/mapred/tether/TetherReducer.java,4,11,11,non-bug-prone
lang/java/mapred/src/main/java/org/apache/avro/mapreduce/AvroJob.java,5,35,27,non-bug-prone
lang/java/mapred/src/main/java/org/apache/avro/mapreduce/AvroKeyInputFormat.java,4,10,8,non-bug-prone
lang/java/mapred/src/main/java/org/apache/avro/mapreduce/AvroKeyOutputFormat.java,5,25,21,bug-prone
lang/java/mapred/src/main/java/org/apache/avro/mapreduce/AvroKeyRecordReader.java,4,7,5,non-bug-prone
lang/java/mapred/src/main/java/org/apache/avro/mapreduce/AvroKeyRecordWriter.java,3,21,15,non-bug-prone
lang/java/mapred/src/main/java/org/apache/avro/mapreduce/AvroKeyValueInputFormat.java,4,13,9,non-bug-prone
lang/java/mapred/src/main/java/org/apache/avro/mapreduce/AvroKeyValueRecordReader.java,4,16,13,non-bug-prone
lang/java/mapred/src/main/java/org/apache/avro/mapreduce/AvroKeyValueRecordWriter.java,4,35,30,non-bug-prone
lang/java/mapred/src/main/java/org/apache/avro/mapreduce/AvroMultipleOutputs.java,6,136,164,non-bug-prone
lang/java/mapred/src/main/java/org/apache/avro/mapreduce/AvroRecordReaderBase.java,4,32,23,non-bug-prone
lang/java/mapred/src/main/java/org/apache/avro/mapreduce/AvroSequenceFileInputFormat.java,3,13,14,non-bug-prone
lang/java/mapred/src/main/java/org/apache/avro/mapreduce/AvroSequenceFileOutputFormat.java,4,15,24,non-bug-prone
lang/java/mapred/src/main/java/org/apache/avro/mapreduce/CombineAvroKeyValueFileInputFormat.java,3,78,13,bug-prone
lang/java/mapred/src/main/java/org/apache/avro/mapreduce/Syncable.java,2,4,3,non-bug-prone
lang/java/mapred/src/test/java/org/apache/avro/hadoop/file/TestHadoopCodecFactory.java,3,7,7,non-bug-prone
lang/java/mapred/src/test/java/org/apache/avro/hadoop/io/TestAvroDatumConverterFactory.java,6,13,14,non-bug-prone
lang/java/mapred/src/test/java/org/apache/avro/hadoop/io/TestAvroKeyDeserializer.java,4,6,8,non-bug-prone
lang/java/mapred/src/test/java/org/apache/avro/hadoop/io/TestAvroSerialization.java,6,18,30,non-bug-prone
lang/java/mapred/src/test/java/org/apache/avro/hadoop/io/TestAvroSerializer.java,3,6,6,non-bug-prone
lang/java/mapred/src/test/java/org/apache/avro/hadoop/io/TestAvroValueDeserializer.java,4,7,8,non-bug-prone
lang/java/mapred/src/test/java/org/apache/avro/hadoop/util/TestAvroCharSequenceComparator.java,3,3,3,non-bug-prone
lang/java/mapred/src/test/java/org/apache/avro/mapred/TestAvroInputFormat.java,5,22,21,non-bug-prone
lang/java/mapred/src/test/java/org/apache/avro/mapred/TestAvroMultipleInputs.java,6,135,132,non-bug-prone
lang/java/mapred/src/test/java/org/apache/avro/mapred/TestAvroOutputFormat.java,5,34,41,non-bug-prone
lang/java/mapred/src/test/java/org/apache/avro/mapred/TestAvroTextSort.java,6,22,14,non-bug-prone
lang/java/mapred/src/test/java/org/apache/avro/mapred/TestAvroWrapper.java,3,3,3,non-bug-prone
lang/java/mapred/src/test/java/org/apache/avro/mapred/TestGenericJob.java,7,31,55,non-bug-prone
lang/java/mapred/src/test/java/org/apache/avro/mapred/TestPair.java,3,4,3,non-bug-prone
lang/java/mapred/src/test/java/org/apache/avro/mapred/TestReflectJob.java,5,43,35,non-bug-prone
lang/java/mapred/src/test/java/org/apache/avro/mapred/TestSequenceFileReader.java,6,100,115,non-bug-prone
lang/java/mapred/src/test/java/org/apache/avro/mapred/TestWeather.java,6,30,42,non-bug-prone
lang/java/mapred/src/test/java/org/apache/avro/mapred/WordCountUtil.java,6,101,105,non-bug-prone
lang/java/mapred/src/test/java/org/apache/avro/mapred/tether/TetherTask.java,7,40,38,non-bug-prone
lang/java/mapred/src/test/java/org/apache/avro/mapred/tether/TetherTaskRunner.java,6,32,37,non-bug-prone
lang/java/mapred/src/test/java/org/apache/avro/mapred/tether/WordCountTask.java,4,15,13,non-bug-prone
lang/java/mapred/src/test/java/org/apache/avro/mapreduce/TestAvroMultipleOutputs.java,8,167,190,non-bug-prone
lang/java/mapred/src/test/java/org/apache/avro/mapreduce/TestAvroMultipleOutputsSyncable.java,6,89,112,non-bug-prone
lang/java/mapred/src/test/java/org/apache/avro/mapreduce/TestKeyValueInput.java,5,44,66,non-bug-prone
lang/java/mapred/src/test/java/org/apache/avro/mapreduce/TestKeyValueWordCount.java,6,16,21,non-bug-prone
lang/java/mapred/src/test/java/org/apache/avro/mapreduce/TestWordCount.java,7,74,100,non-bug-prone
lang/java/maven-plugin/src/main/java/org/apache/avro/mojo/InduceMojo.java,7,252,44,non-bug-prone
lang/java/maven-plugin/src/test/java/org/apache/avro/entities/Person.java,2,24,1,non-bug-prone
lang/java/maven-plugin/src/test/java/org/apache/avro/protocols/Remote.java,2,24,1,non-bug-prone
lang/java/perf/src/main/java/org/apache/avro/Perf.java,2,89,1,non-bug-prone
lang/java/perf/src/main/java/org/apache/avro/test/BasicArrayState.java,2,43,1,non-bug-prone
lang/java/perf/src/main/java/org/apache/avro/test/BasicRecord.java,2,44,1,non-bug-prone
lang/java/perf/src/main/java/org/apache/avro/test/BasicState.java,2,96,1,non-bug-prone
lang/java/perf/src/main/java/org/apache/avro/test/BigRecord.java,2,55,1,non-bug-prone
lang/java/perf/src/main/java/org/apache/avro/test/basic/ArrayTest.java,2,148,1,non-bug-prone
lang/java/perf/src/main/java/org/apache/avro/test/basic/BooleanTest.java,2,121,1,non-bug-prone
lang/java/perf/src/main/java/org/apache/avro/test/basic/BytesTest.java,2,126,1,non-bug-prone
lang/java/perf/src/main/java/org/apache/avro/test/basic/DoubleTest.java,2,121,1,non-bug-prone
lang/java/perf/src/main/java/org/apache/avro/test/basic/ExtendedEnumTest.java,2,155,1,non-bug-prone
lang/java/perf/src/main/java/org/apache/avro/test/basic/FloatTest.java,2,121,1,non-bug-prone
lang/java/perf/src/main/java/org/apache/avro/test/basic/IntTest.java,2,143,1,non-bug-prone
lang/java/perf/src/main/java/org/apache/avro/test/basic/LongTest.java,2,140,1,non-bug-prone
lang/java/perf/src/main/java/org/apache/avro/test/basic/MapTest.java,2,142,1,non-bug-prone
lang/java/perf/src/main/java/org/apache/avro/test/basic/SmallLongTest.java,2,143,1,non-bug-prone
lang/java/perf/src/main/java/org/apache/avro/test/basic/StringTest.java,2,139,1,non-bug-prone
lang/java/perf/src/main/java/org/apache/avro/test/basic/UnchangedUnionTest.java,2,155,1,non-bug-prone
lang/java/perf/src/main/java/org/apache/avro/test/generic/GenericNestedFakeTest.java,2,157,1,non-bug-prone
lang/java/perf/src/main/java/org/apache/avro/test/generic/GenericNestedTest.java,2,176,1,non-bug-prone
lang/java/perf/src/main/java/org/apache/avro/test/generic/GenericStringTest.java,2,147,1,non-bug-prone
lang/java/perf/src/main/java/org/apache/avro/test/generic/GenericTest.java,2,148,1,non-bug-prone
lang/java/perf/src/main/java/org/apache/avro/test/generic/GenericWithDefaultTest.java,2,165,1,non-bug-prone
lang/java/perf/src/main/java/org/apache/avro/test/generic/GenericWithOutOfOrderTest.java,2,113,1,non-bug-prone
lang/java/perf/src/main/java/org/apache/avro/test/generic/GenericWithPromotionTest.java,2,113,1,non-bug-prone
lang/java/perf/src/main/java/org/apache/avro/test/record/RecordTest.java,2,100,1,non-bug-prone
lang/java/perf/src/main/java/org/apache/avro/test/record/RecordWithDefaultTest.java,2,128,1,non-bug-prone
lang/java/perf/src/main/java/org/apache/avro/test/record/RecordWithOutOfOrderTest.java,2,120,1,non-bug-prone
lang/java/perf/src/main/java/org/apache/avro/test/record/RecordWithPromotionTest.java,2,120,1,non-bug-prone
lang/java/perf/src/main/java/org/apache/avro/test/record/ResolvingRecordTest.java,2,108,1,non-bug-prone
lang/java/perf/src/main/java/org/apache/avro/test/record/ValidatingRecordTest.java,2,139,1,non-bug-prone
lang/java/perf/src/main/java/org/apache/avro/test/reflect/ReflectBigRecordTest.java,2,132,1,non-bug-prone
lang/java/perf/src/main/java/org/apache/avro/test/reflect/ReflectDoubleArrayTest.java,2,145,1,non-bug-prone
lang/java/perf/src/main/java/org/apache/avro/test/reflect/ReflectFloatArrayTest.java,2,145,1,non-bug-prone
lang/java/perf/src/main/java/org/apache/avro/test/reflect/ReflectIntArrayTest.java,2,145,1,non-bug-prone
lang/java/perf/src/main/java/org/apache/avro/test/reflect/ReflectLargeFloatArrayBlockedTest.java,2,146,1,non-bug-prone
lang/java/perf/src/main/java/org/apache/avro/test/reflect/ReflectLargeFloatArrayTest.java,2,146,1,non-bug-prone
lang/java/perf/src/main/java/org/apache/avro/test/reflect/ReflectLongArrayTest.java,2,144,1,non-bug-prone
lang/java/perf/src/main/java/org/apache/avro/test/reflect/ReflectNestedFloatArrayTest.java,2,149,1,non-bug-prone
lang/java/perf/src/main/java/org/apache/avro/test/reflect/ReflectNestedObjectArrayTest.java,2,150,1,non-bug-prone
lang/java/perf/src/main/java/org/apache/avro/test/reflect/ReflectRecordTest.java,2,132,1,non-bug-prone
lang/java/protobuf/src/main/java/org/apache/avro/protobuf/ProtobufDatumReader.java,4,15,16,non-bug-prone
lang/java/protobuf/src/main/java/org/apache/avro/protobuf/ProtobufDatumWriter.java,3,10,11,non-bug-prone
lang/java/thrift/src/main/java/org/apache/avro/thrift/ThriftDatumReader.java,3,13,9,non-bug-prone
lang/java/thrift/src/main/java/org/apache/avro/thrift/ThriftDatumWriter.java,3,7,7,non-bug-prone
lang/java/thrift/src/test/java/org/apache/avro/thrift/TestThrift.java,5,19,19,non-bug-prone
lang/java/tools/src/main/java/org/apache/avro/tool/BinaryFragmentToJsonTool.java,4,10,14,non-bug-prone
lang/java/tools/src/main/java/org/apache/avro/tool/ConcatTool.java,6,70,29,non-bug-prone
lang/java/tools/src/main/java/org/apache/avro/tool/CreateRandomFileTool.java,6,35,35,bug-prone
lang/java/tools/src/main/java/org/apache/avro/tool/DataFileRepairTool.java,5,42,69,non-bug-prone
lang/java/tools/src/main/java/org/apache/avro/tool/InduceSchemaTool.java,3,3,4,non-bug-prone
lang/java/tools/src/main/java/org/apache/avro/tool/JsonToBinaryFragmentTool.java,4,11,16,non-bug-prone
lang/java/tools/src/main/java/org/apache/avro/tool/RpcProtocolTool.java,5,15,24,non-bug-prone
lang/java/tools/src/main/java/org/apache/avro/tool/RpcReceiveTool.java,5,26,43,non-bug-prone
lang/java/tools/src/main/java/org/apache/avro/tool/RpcSendTool.java,7,19,32,non-bug-prone
lang/java/tools/src/main/java/org/apache/avro/tool/SchemaFingerprintTool.java,2,88,1,non-bug-prone
lang/java/tools/src/main/java/org/apache/avro/tool/SchemaNormalizationTool.java,5,77,5,non-bug-prone
lang/java/tools/src/main/java/org/apache/avro/tool/ToTextTool.java,5,10,13,non-bug-prone
lang/java/tools/src/main/java/org/apache/avro/tool/ToTrevniTool.java,4,14,22,non-bug-prone
lang/java/tools/src/main/java/org/apache/avro/tool/Tool.java,3,9,9,non-bug-prone
lang/java/tools/src/main/java/org/apache/avro/tool/TrevniCreateRandomTool.java,5,7,9,non-bug-prone
lang/java/tools/src/main/java/org/apache/avro/tool/TrevniMetadataTool.java,7,15,18,non-bug-prone
lang/java/tools/src/main/java/org/apache/avro/tool/TrevniToJsonTool.java,6,37,31,non-bug-prone
lang/java/tools/src/main/java/org/apache/avro/tool/TrevniUtil.java,3,10,10,non-bug-prone
lang/java/tools/src/test/java/org/apache/avro/tool/TestCatTool.java,9,135,184,non-bug-prone
lang/java/tools/src/test/java/org/apache/avro/tool/TestMain.java,5,26,7,non-bug-prone
lang/java/tools/src/test/java/org/apache/avro/tool/TestRpcProtocolTool.java,4,13,16,non-bug-prone
lang/java/tools/src/test/java/org/apache/avro/tool/TestRpcReceiveAndSendTools.java,3,7,13,non-bug-prone
lang/java/tools/src/test/java/org/apache/avro/tool/TestToTrevniTool.java,7,15,21,non-bug-prone
lang/java/trevni/avro/src/main/java/org/apache/trevni/avro/AvroColumnReader.java,6,63,53,non-bug-prone
lang/java/trevni/avro/src/main/java/org/apache/trevni/avro/AvroColumnWriter.java,3,43,38,non-bug-prone
lang/java/trevni/avro/src/main/java/org/apache/trevni/avro/AvroColumnator.java,5,64,50,non-bug-prone
lang/java/trevni/avro/src/main/java/org/apache/trevni/avro/AvroTrevniInputFormat.java,5,37,24,non-bug-prone
lang/java/trevni/avro/src/main/java/org/apache/trevni/avro/AvroTrevniOutputFormat.java,7,28,35,non-bug-prone
lang/java/trevni/avro/src/main/java/org/apache/trevni/avro/HadoopInput.java,3,8,5,non-bug-prone
lang/java/trevni/avro/src/main/java/org/apache/trevni/avro/mapreduce/AvroTrevniKeyInputFormat.java,4,10,9,non-bug-prone
lang/java/trevni/avro/src/main/java/org/apache/trevni/avro/mapreduce/AvroTrevniKeyRecordReader.java,4,7,9,non-bug-prone
lang/java/trevni/avro/src/main/java/org/apache/trevni/avro/mapreduce/AvroTrevniKeyRecordWriter.java,3,9,10,non-bug-prone
lang/java/trevni/avro/src/main/java/org/apache/trevni/avro/mapreduce/AvroTrevniKeyValueRecordReader.java,4,15,14,non-bug-prone
lang/java/trevni/avro/src/main/java/org/apache/trevni/avro/mapreduce/AvroTrevniKeyValueRecordWriter.java,4,26,24,non-bug-prone
lang/java/trevni/avro/src/test/java/org/apache/trevni/avro/TestCases.java,7,14,26,non-bug-prone
lang/java/trevni/avro/src/test/java/org/apache/trevni/avro/TestMetadataFiltering.java,3,4,3,non-bug-prone
lang/java/trevni/avro/src/test/java/org/apache/trevni/avro/TestShredder.java,6,138,197,non-bug-prone
lang/java/trevni/avro/src/test/java/org/apache/trevni/avro/TestWordCount.java,7,25,39,non-bug-prone
lang/java/trevni/avro/src/test/java/org/apache/trevni/avro/WordCountUtil.java,6,24,44,non-bug-prone
lang/java/trevni/avro/src/test/java/org/apache/trevni/avro/mapreduce/TestKeyValueWordCount.java,5,17,15,non-bug-prone
lang/java/trevni/avro/src/test/java/org/apache/trevni/avro/mapreduce/TestKeyWordCount.java,5,24,30,non-bug-prone
lang/java/trevni/core/src/main/java/org/apache/trevni/ArrayColumnOutputBuffer.java,3,21,19,non-bug-prone
lang/java/trevni/core/src/main/java/org/apache/trevni/BlockDescriptor.java,3,4,3,non-bug-prone
lang/java/trevni/core/src/main/java/org/apache/trevni/Checksum.java,3,3,3,non-bug-prone
lang/java/trevni/core/src/main/java/org/apache/trevni/ColumnDescriptor.java,4,14,10,non-bug-prone
lang/java/trevni/core/src/main/java/org/apache/trevni/ColumnFileMetaData.java,2,2,2,non-bug-prone
lang/java/trevni/core/src/main/java/org/apache/trevni/ColumnFileReader.java,4,25,22,non-bug-prone
lang/java/trevni/core/src/main/java/org/apache/trevni/ColumnFileWriter.java,5,51,44,non-bug-prone
lang/java/trevni/core/src/main/java/org/apache/trevni/ColumnMetaData.java,4,38,22,non-bug-prone
lang/java/trevni/core/src/main/java/org/apache/trevni/ColumnOutputBuffer.java,4,23,21,non-bug-prone
lang/java/trevni/core/src/main/java/org/apache/trevni/ColumnValues.java,4,37,31,non-bug-prone
lang/java/trevni/core/src/main/java/org/apache/trevni/Input.java,3,2,3,non-bug-prone
lang/java/trevni/core/src/main/java/org/apache/trevni/InputBytes.java,3,13,8,non-bug-prone
lang/java/trevni/core/src/main/java/org/apache/trevni/InputFile.java,3,9,7,non-bug-prone
lang/java/trevni/core/src/main/java/org/apache/trevni/MetaData.java,6,34,33,non-bug-prone
lang/java/trevni/core/src/main/java/org/apache/trevni/NullChecksum.java,3,8,4,non-bug-prone
lang/java/trevni/core/src/main/java/org/apache/trevni/NullCodec.java,3,6,4,non-bug-prone
lang/java/trevni/core/src/main/java/org/apache/trevni/OutputBuffer.java,6,108,98,non-bug-prone
lang/java/trevni/core/src/main/java/org/apache/trevni/TrevniRuntimeException.java,3,10,5,non-bug-prone
lang/java/trevni/core/src/test/java/org/apache/trevni/TestColumnFile.java,5,40,52,non-bug-prone
lang/java/trevni/core/src/test/java/org/apache/trevni/TestUtil.java,4,25,27,non-bug-prone
lang/java/protobuf/src/test/java/org/apache/avro/protobuf/multiplefiles/A.java,2,104,1,non-bug-prone
lang/java/protobuf/src/test/java/org/apache/avro/protobuf/multiplefiles/Foo.java,2,3044,35,non-bug-prone
lang/java/protobuf/src/test/java/org/apache/avro/protobuf/multiplefiles/FooOrBuilder.java,2,304,1,non-bug-prone
lang/java/protobuf/src/test/java/org/apache/avro/protobuf/multiplefiles/M.java,2,482,26,non-bug-prone
lang/java/protobuf/src/test/java/org/apache/avro/protobuf/multiplefiles/MOrBuilder.java,2,10,1,non-bug-prone
lang/java/protobuf/src/test/java/org/apache/avro/protobuf/multiplefiles/TestMultipleFiles.java,2,85,18,non-bug-prone
lang/java/protobuf/src/test/java/org/apache/avro/protobuf/noopt/Test.java,1,279,14,non-bug-prone
lang/java/avro/src/test/java/org/apache/avro/data/TestJsr310TimeConversions.java,4,301,301,non-bug-prone
lang/java/avro/src/main/java/org/apache/avro/data/Jsr310TimeConversions.java,2,204,0,non-bug-prone
lang/java/integration-test/test-custom-conversions/src/main/java/org.apache.avro.codegentest/CustomDecimal.java,3,99,30,non-bug-prone
lang/java/integration-test/test-custom-conversions/src/main/java/org.apache.avro.codegentest/CustomDecimalConversion.java,3,81,29,non-bug-prone
lang/java/protobuf/src/test/java/org/apache/avro/protobuf/Test.java,3,751,633,non-bug-prone
lang/java/avro/src/main/java/org/apache/avro/file/LengthLimitedInputStream.java,2,1,86,non-bug-prone
lang/java/avro/src/test/java/org/apache/avro/file/TestLengthLimitedInputStream.java,2,1,59,non-bug-prone
lang/java/tools/src/test/compiler/output-string/Position.java,2,14,1,bug-prone
lang/java/tools/src/test/compiler/output-string/avro/examples/baseball/Position.java,2,2,2,bug-prone
lang/java/tools/src/test/compiler/output/Position.java,2,2,2,bug-prone
lang/java/ipc/src/test/java/org/apache/avro/TestBulkData.java,4,7,4,non-bug-prone
lang/java/ipc/src/test/java/org/apache/avro/ipc/TestNettyServerConcurrentExecution.java,2,2,2,non-bug-prone
lang/java/ipc/src/test/java/org/apache/avro/ipc/TestNettyServerWithCallbacks.java,5,62,44,non-bug-prone
lang/java/ipc/src/test/java/org/apache/avro/RandomData.java,3,3,145,non-bug-prone
lang/java/trevni/avro/src/test/java/org/apache/trevni/avro/RandomData.java,5,4,133,non-bug-prone
lang/java/avro/src/test/java/org/apache/avro/file/TestBZip2Codec.java,3,3,68,non-bug-prone
lang/java/avro/src/test/java/org/apache/avro/AvroTestUtil.java,2,1,55,non-bug-prone
lang/java/avro/src/test/java/org/apache/avro/RandomData.java,3,4,8,non-bug-prone
lang/java/guava/src/main/java/org/apache/avro/GuavaClasses.java,4,9,40,bug-prone
lang/java/ipc/src/test/java/org/apache/avro/ipc/TestNettyServer.java,3,16,8,bug-prone
lang/java/ipc/src/test/java/org/apache/avro/TestProtocolHttp.java,3,3,4,non-bug-prone
lang/java/ipc/src/test/java/org/apache/avro/ipc/NettyTransceiverWhenFailsToConnect.java,2,1,3,non-bug-prone
lang/java/ipc/src/test/java/org/apache/avro/ipc/TestNettyServerWithCompression.java,2,1,18,non-bug-prone
lang/java/ipc/src/test/java/org/apache/avro/ipc/TestNettyTransceiverWhenServerStops.java,3,2,3,non-bug-prone
lang/java/ipc/src/main/java/org/apache/avro/ipc/HttpServer.java,2,63,21,non-bug-prone
lang/java/ipc/src/main/java/org/apache/avro/ipc/NettyServer.java,2,2,2,non-bug-prone
lang/java/ipc/src/main/java/org/apache/avro/ipc/NettyTransceiver.java,2,5,5,non-bug-prone
lang/java/ipc/src/main/java/org/apache/avro/ipc/NettyTransportCodec.java,2,3,3,non-bug-prone
lang/java/ipc/src/main/java/org/apache/avro/ipc/stats/StaticServlet.java,2,7,12,non-bug-prone
lang/java/ipc/src/main/java/org/apache/avro/ipc/stats/StatsServer.java,2,8,8,non-bug-prone
lang/java/ipc/src/test/java/org/apache/avro/TestProtocolHttps.java,3,12,22,non-bug-prone
lang/java/ipc/src/test/java/org/apache/avro/TestProtocolNetty.java,1,1,1,non-bug-prone
lang/java/ipc/src/test/java/org/apache/avro/ipc/TestNettyServerWithSSL.java,1,1,1,non-bug-prone
lang/java/ipc/src/test/java/org/apache/avro/ipc/stats/StatsPluginOverhead.java,1,1,1,non-bug-prone
lang/java/ipc/src/test/java/org/apache/avro/ipc/stats/TestStatsPluginAndServlet.java,2,1,3,non-bug-prone
lang/java/compiler/src/test/java/org/apache/avro/compiler/idl/SchemaResolverTest.java,2,44,44,bug-prone
lang/java/compiler/src/test/java/org/apache/avro/compiler/schema/SchemasTest.java,2,87,87,bug-prone
