FilePath, ChangeRate, AddLines, DeleteLines
lang/java/avro/src/main/java/org/apache/avro/generic/GenericDatumWriter.java,16,103,31
lang/java/avro/src/main/java/org/apache/avro/specific/SpecificDatumReader.java,9,85,66
lang/java/avro/src/main/java/org/apache/avro/specific/SpecificDatumWriter.java,6,46,8
lang/java/avro/src/main/java/org/apache/avro/specific/SpecificRecordBase.java,6,48,9
lang/java/avro/src/test/java/org/apache/avro/specific/TestRecordWithLogicalTypes.java,1,697,0
lang/java/avro/src/test/java/org/apache/avro/specific/TestRecordWithoutLogicalTypes.java,1,503,0
lang/java/avro/src/test/java/org/apache/avro/specific/TestSpecificLogicalTypes.java,1,210,0
lang/java/compiler/src/main/java/org/apache/avro/compiler/specific/SpecificCompiler.java,21,617,86
lang/java/compiler/src/test/java/org/apache/avro/compiler/specific/TestSpecificCompiler.java,1,34,0
lang/java/avro/src/main/java/org/apache/avro/util/internal/JacksonUtils.java,3,155,0
lang/java/avro/src/main/java/org/apache/avro/io/JsonDecoder.java,7,339,62
lang/java/avro/src/test/java/org/apache/avro/io/TestJsonDecoder.java,3,82,2
doc/examples/java-example/src/main/java/example/GenericMain.java,3,105,34
doc/examples/java-example/src/main/java/example/SpecificMain.java,3,108,35
doc/examples/mr-example/src/main/java/example/MapReduceAvroWordCount.java,2,125,1
lang/java/archetypes/avro-service-archetype/src/main/resources/archetype-resources/src/main/java/service/SimpleOrderService.java,4,61,16
lang/java/archetypes/avro-service-archetype/src/main/resources/archetype-resources/src/test/java/integration/SimpleOrderServiceIntegrationTest.java,3,119,32
lang/java/avro/src/main/java/org/apache/avro/AvroRemoteException.java,2,7,2
lang/java/avro/src/main/java/org/apache/avro/JsonProperties.java,3,240,7
lang/java/avro/src/main/java/org/apache/avro/Protocol.java,9,205,96
lang/java/avro/src/main/java/org/apache/avro/Schema.java,39,495,218
lang/java/avro/src/main/java/org/apache/avro/SchemaBuilder.java,4,3531,933
lang/java/avro/src/main/java/org/apache/avro/SchemaValidationStrategy.java,3,39,1
lang/java/avro/src/main/java/org/apache/avro/SchemaValidator.java,2,47,1
lang/java/avro/src/main/java/org/apache/avro/SchemaValidatorBuilder.java,2,80,3
lang/java/avro/src/main/java/org/apache/avro/UnresolvedUnionException.java,2,40,1
lang/java/avro/src/main/java/org/apache/avro/ValidateCanBeRead.java,2,44,2
lang/java/avro/src/main/java/org/apache/avro/ValidateCanRead.java,2,45,2
lang/java/avro/src/main/java/org/apache/avro/ValidateMutualRead.java,2,77,3
lang/java/avro/src/main/java/org/apache/avro/data/ErrorBuilder.java,2,55,8
lang/java/avro/src/main/java/org/apache/avro/data/Json.java,3,285,6
lang/java/avro/src/main/java/org/apache/avro/data/RecordBuilder.java,2,31,1
lang/java/avro/src/main/java/org/apache/avro/data/RecordBuilderBase.java,6,250,84
lang/java/avro/src/main/java/org/apache/avro/file/BZip2Codec.java,3,108,3
lang/java/avro/src/main/java/org/apache/avro/file/Codec.java,2,7,9
lang/java/avro/src/main/java/org/apache/avro/file/CodecFactory.java,5,68,23
lang/java/avro/src/main/java/org/apache/avro/file/DataFileConstants.java,6,8,3
lang/java/avro/src/main/java/org/apache/avro/file/DataFileReader.java,5,54,11
lang/java/avro/src/main/java/org/apache/avro/file/DataFileReader12.java,2,11,5
lang/java/avro/src/main/java/org/apache/avro/file/DataFileStream.java,9,76,39
lang/java/avro/src/main/java/org/apache/avro/file/DataFileWriter.java,11,171,61
lang/java/avro/src/main/java/org/apache/avro/file/DeflateCodec.java,2,11,11
lang/java/avro/src/main/java/org/apache/avro/file/FileReader.java,1,1,1
lang/java/avro/src/main/java/org/apache/avro/file/NullCodec.java,2,4,4
lang/java/avro/src/main/java/org/apache/avro/file/SnappyCodec.java,5,126,43
lang/java/avro/src/main/java/org/apache/avro/generic/GenericArray.java,1,1,1
lang/java/avro/src/main/java/org/apache/avro/generic/GenericData.java,45,826,237
lang/java/avro/src/main/java/org/apache/avro/generic/GenericDatumReader.java,24,287,100
lang/java/avro/src/main/java/org/apache/avro/generic/GenericRecordBuilder.java,6,302,42
lang/java/avro/src/main/java/org/apache/avro/io/BinaryData.java,5,161,27
lang/java/avro/src/main/java/org/apache/avro/io/BinaryDecoder.java,7,99,90
lang/java/avro/src/main/java/org/apache/avro/io/BinaryEncoder.java,4,68,204
lang/java/avro/src/main/java/org/apache/avro/io/BlockingBinaryEncoder.java,3,94,159
lang/java/avro/src/main/java/org/apache/avro/io/BufferedBinaryEncoder.java,5,236,9
lang/java/avro/src/main/java/org/apache/avro/io/Decoder.java,5,20,23
lang/java/avro/src/main/java/org/apache/avro/io/DecoderFactory.java,4,200,116
lang/java/avro/src/main/java/org/apache/avro/io/DirectBinaryDecoder.java,3,10,9
lang/java/avro/src/main/java/org/apache/avro/io/DirectBinaryEncoder.java,2,137,4
lang/java/avro/src/main/java/org/apache/avro/io/Encoder.java,6,33,21
lang/java/avro/src/main/java/org/apache/avro/io/EncoderFactory.java,7,409,44
lang/java/avro/src/main/java/org/apache/avro/io/JsonEncoder.java,8,106,35
lang/java/avro/src/main/java/org/apache/avro/io/ParsingDecoder.java,2,5,3
lang/java/avro/src/main/java/org/apache/avro/io/ParsingEncoder.java,2,5,5
lang/java/avro/src/main/java/org/apache/avro/io/ResolvingDecoder.java,3,84,17
lang/java/avro/src/main/java/org/apache/avro/io/ValidatingDecoder.java,4,35,19
lang/java/avro/src/main/java/org/apache/avro/io/ValidatingEncoder.java,4,29,26
lang/java/avro/src/main/java/org/apache/avro/io/parsing/Parser.java,1,6,6
lang/java/avro/src/main/java/org/apache/avro/io/parsing/ResolvingGrammarGenerator.java,11,115,43
lang/java/avro/src/main/java/org/apache/avro/io/parsing/SkipParser.java,1,1,1
lang/java/avro/src/main/java/org/apache/avro/io/parsing/Symbol.java,12,338,229
lang/java/avro/src/main/java/org/apache/avro/io/parsing/ValidatingGrammarGenerator.java,3,6,6
lang/java/avro/src/main/java/org/apache/avro/reflect/AvroAlias.java,2,38,1
lang/java/avro/src/main/java/org/apache/avro/reflect/CustomEncoding.java,2,56,3
lang/java/avro/src/main/java/org/apache/avro/reflect/FieldAccess.java,2,27,1
lang/java/avro/src/main/java/org/apache/avro/reflect/FieldAccessReflect.java,5,127,6
lang/java/avro/src/main/java/org/apache/avro/reflect/FieldAccessUnsafe.java,4,384,19
lang/java/avro/src/main/java/org/apache/avro/reflect/FieldAccessor.java,3,59,4
lang/java/avro/src/main/java/org/apache/avro/reflect/ReflectData.java,37,632,206
lang/java/avro/src/main/java/org/apache/avro/reflect/ReflectDatumReader.java,14,258,86
lang/java/avro/src/main/java/org/apache/avro/reflect/ReflectDatumWriter.java,10,122,47
lang/java/avro/src/main/java/org/apache/avro/reflect/ReflectionUtil.java,4,138,12
lang/java/avro/src/main/java/org/apache/avro/specific/AvroGenerated.java,2,34,2
lang/java/avro/src/main/java/org/apache/avro/specific/SpecificData.java,24,222,36
lang/java/avro/src/main/java/org/apache/avro/specific/SpecificErrorBuilderBase.java,2,135,11
lang/java/avro/src/main/java/org/apache/avro/specific/SpecificExceptionBase.java,4,30,5
lang/java/avro/src/main/java/org/apache/avro/specific/SpecificFixed.java,4,48,7
lang/java/avro/src/main/java/org/apache/avro/specific/SpecificRecordBuilderBase.java,2,57,4
lang/java/avro/src/main/java/org/apache/avro/util/ByteBufferOutputStream.java,1,2,2
lang/java/avro/src/main/java/org/apache/avro/util/Utf8.java,7,67,24
lang/java/avro/src/main/java/org/apache/avro/util/WeakIdentityHashMap.java,1,3,3
lang/java/avro/src/test/java/org/apache/avro/AvroTestUtil.java,2,34,12
lang/java/avro/src/test/java/org/apache/avro/FooBarSpecificRecord.java,6,451,60
lang/java/avro/src/test/java/org/apache/avro/GenerateBlockingData.java,2,11,9
lang/java/avro/src/test/java/org/apache/avro/RandomData.java,3,11,8
lang/java/avro/src/test/java/org/apache/avro/TestDataFile.java,11,165,48
lang/java/avro/src/test/java/org/apache/avro/TestDataFileConcat.java,3,14,6
lang/java/avro/src/test/java/org/apache/avro/TestDataFileCustomSync.java,2,92,1
lang/java/avro/src/test/java/org/apache/avro/TestProtocol.java,3,62,5
lang/java/avro/src/test/java/org/apache/avro/TestSchema.java,6,118,15
lang/java/avro/src/test/java/org/apache/avro/TestSchemaBuilder.java,4,962,234
lang/java/avro/src/test/java/org/apache/avro/TestSchemaNormalization.java,3,144,1
lang/java/avro/src/test/java/org/apache/avro/TypeEnum.java,4,32,3
lang/java/avro/src/test/java/org/apache/avro/data/RecordBuilderBaseTest.java,3,107,14
lang/java/avro/src/test/java/org/apache/avro/file/TestBZip2Codec.java,3,77,12
lang/java/avro/src/test/java/org/apache/avro/generic/TestGenericData.java,21,378,27
lang/java/avro/src/test/java/org/apache/avro/generic/TestGenericDatumWriter.java,5,220,12
lang/java/avro/src/test/java/org/apache/avro/generic/TestGenericRecordBuilder.java,4,127,15
lang/java/avro/src/test/java/org/apache/avro/io/LegacyBinaryEncoder.java,2,222,12
lang/java/avro/src/test/java/org/apache/avro/io/TestBinaryDecoder.java,6,86,53
lang/java/avro/src/test/java/org/apache/avro/io/TestBinaryEncoderFidelity.java,3,209,11
lang/java/avro/src/test/java/org/apache/avro/io/TestBlockingIO.java,3,13,11
lang/java/avro/src/test/java/org/apache/avro/io/TestBlockingIO2.java,3,8,6
lang/java/avro/src/test/java/org/apache/avro/io/TestEncoders.java,4,158,17
lang/java/avro/src/test/java/org/apache/avro/io/TestResolvingIO.java,4,16,11
lang/java/avro/src/test/java/org/apache/avro/io/TestResolvingIOResolving.java,3,20,7
lang/java/avro/src/test/java/org/apache/avro/io/TestValidatingIO.java,5,75,67
lang/java/avro/src/test/java/org/apache/avro/io/parsing/TestResolvingGrammarGenerator.java,3,66,7
lang/java/avro/src/test/java/org/apache/avro/io/parsing/TestResolvingGrammarGenerator2.java,3,145,2
lang/java/avro/src/test/java/org/apache/avro/reflect/TestByteBuffer.java,1,2,2
lang/java/avro/src/test/java/org/apache/avro/reflect/TestNonStringMapKeys.java,2,525,16
lang/java/avro/src/test/java/org/apache/avro/reflect/TestReflect.java,10,454,86
lang/java/avro/src/test/java/org/apache/avro/reflect/TestReflectionUtil.java,2,81,2
lang/java/avro/src/test/java/org/apache/avro/util/CaseFinder.java,2,212,1
lang/java/avro/src/test/java/org/apache/avro/util/TestUtf8.java,2,21,2
lang/java/compiler/src/main/java/org/apache/avro/compiler/specific/ProtocolTask.java,2,23,9
lang/java/compiler/src/test/java/org/apache/avro/compiler/idl/TestIdl.java,4,37,11
lang/java/ipc/src/main/java/org/apache/avro/ipc/CallFuture.java,2,178,16
lang/java/ipc/src/main/java/org/apache/avro/ipc/Callback.java,3,43,4
lang/java/ipc/src/main/java/org/apache/avro/ipc/DatagramServer.java,1,1,1
lang/java/ipc/src/main/java/org/apache/avro/ipc/HttpTransceiver.java,3,28,6
lang/java/ipc/src/main/java/org/apache/avro/ipc/NettyServer.java,9,135,69
lang/java/ipc/src/main/java/org/apache/avro/ipc/NettyTransceiver.java,15,688,301
lang/java/ipc/src/main/java/org/apache/avro/ipc/NettyTransportCodec.java,2,40,21
lang/java/ipc/src/main/java/org/apache/avro/ipc/RPCContext.java,3,74,54
lang/java/ipc/src/main/java/org/apache/avro/ipc/RPCPlugin.java,1,8,8
lang/java/ipc/src/main/java/org/apache/avro/ipc/Requestor.java,12,455,164
lang/java/ipc/src/main/java/org/apache/avro/ipc/Responder.java,11,53,42
lang/java/ipc/src/main/java/org/apache/avro/ipc/SaslSocketTransceiver.java,3,21,7
lang/java/ipc/src/main/java/org/apache/avro/ipc/Server.java,1,2,2
lang/java/ipc/src/main/java/org/apache/avro/ipc/SocketServer.java,4,5,4
lang/java/ipc/src/main/java/org/apache/avro/ipc/SocketTransceiver.java,1,1,1
lang/java/ipc/src/main/java/org/apache/avro/ipc/Transceiver.java,3,45,8
lang/java/ipc/src/main/java/org/apache/avro/ipc/generic/GenericResponder.java,3,28,7
lang/java/ipc/src/main/java/org/apache/avro/ipc/reflect/ReflectRequestor.java,3,36,20
lang/java/ipc/src/main/java/org/apache/avro/ipc/reflect/ReflectResponder.java,3,17,7
lang/java/ipc/src/main/java/org/apache/avro/ipc/specific/SpecificRequestor.java,6,148,60
lang/java/ipc/src/main/java/org/apache/avro/ipc/specific/SpecificResponder.java,4,34,35
lang/java/ipc/src/main/java/org/apache/avro/ipc/stats/Histogram.java,1,11,11
lang/java/ipc/src/main/java/org/apache/avro/ipc/stats/StaticServlet.java,1,2,2
lang/java/ipc/src/main/java/org/apache/avro/ipc/stats/StatsPlugin.java,1,19,19
lang/java/ipc/src/main/java/org/apache/avro/ipc/stats/StatsServer.java,1,9,9
lang/java/ipc/src/main/java/org/apache/avro/ipc/stats/StatsServlet.java,1,47,47
lang/java/ipc/src/test/java/org/apache/avro/DataFileInteropTest.java,2,112,9
lang/java/ipc/src/test/java/org/apache/avro/RPCMetaTestPlugin.java,2,46,47
lang/java/ipc/src/test/java/org/apache/avro/RandomData.java,3,146,4
lang/java/ipc/src/test/java/org/apache/avro/TestCompare.java,6,27,20
lang/java/ipc/src/test/java/org/apache/avro/TestDataFileSpecific.java,2,78,1
lang/java/ipc/src/test/java/org/apache/avro/TestProtocolDatagram.java,3,21,17
lang/java/ipc/src/test/java/org/apache/avro/TestProtocolGeneric.java,6,57,10
lang/java/ipc/src/test/java/org/apache/avro/TestProtocolGenericMeta.java,2,3,3
lang/java/ipc/src/test/java/org/apache/avro/TestProtocolHttp.java,6,48,20
lang/java/ipc/src/test/java/org/apache/avro/TestProtocolHttps.java,2,72,2
lang/java/ipc/src/test/java/org/apache/avro/TestProtocolNetty.java,3,50,3
lang/java/ipc/src/test/java/org/apache/avro/TestProtocolReflect.java,4,19,3
lang/java/ipc/src/test/java/org/apache/avro/TestProtocolReflectMeta.java,2,3,3
lang/java/ipc/src/test/java/org/apache/avro/TestProtocolSpecific.java,11,180,50
lang/java/ipc/src/test/java/org/apache/avro/TestProtocolSpecificMeta.java,2,18,17
lang/java/ipc/src/test/java/org/apache/avro/TestSchema.java,23,389,133
lang/java/ipc/src/test/java/org/apache/avro/compiler/specific/TestSpecificCompiler.java,8,573,108
lang/java/ipc/src/test/java/org/apache/avro/generic/TestDeepCopy.java,4,129,22
lang/java/ipc/src/test/java/org/apache/avro/io/Perf.java,2,477,139
lang/java/ipc/src/test/java/org/apache/avro/ipc/TestLocalTransceiver.java,3,7,4
lang/java/ipc/src/test/java/org/apache/avro/ipc/TestNettyServer.java,10,167,63
lang/java/ipc/src/test/java/org/apache/avro/ipc/TestNettyServerConcurrentExecution.java,3,238,39
lang/java/ipc/src/test/java/org/apache/avro/ipc/TestNettyServerWithCallbacks.java,8,802,111
lang/java/ipc/src/test/java/org/apache/avro/ipc/TestNettyServerWithCompression.java,2,110,1
lang/java/ipc/src/test/java/org/apache/avro/ipc/TestNettyServerWithSSL.java,3,264,114
lang/java/ipc/src/test/java/org/apache/avro/ipc/TestRpcPluginOrdering.java,7,120,20
lang/java/ipc/src/test/java/org/apache/avro/ipc/TestSaslAnonymous.java,4,30,3
lang/java/ipc/src/test/java/org/apache/avro/ipc/TestSaslDigestMd5.java,4,9,4
lang/java/ipc/src/test/java/org/apache/avro/ipc/stats/TestHistogram.java,1,9,9
lang/java/ipc/src/test/java/org/apache/avro/ipc/stats/TestStatsPluginAndServlet.java,2,8,8
lang/java/ipc/src/test/java/org/apache/avro/specific/TestSpecificData.java,11,97,10
lang/java/ipc/src/test/java/org/apache/avro/specific/TestSpecificDatumReader.java,1,4,4
lang/java/ipc/src/test/java/org/apache/avro/specific/TestSpecificErrorBuilder.java,3,84,10
lang/java/ipc/src/test/java/org/apache/avro/specific/TestSpecificRecordBuilder.java,7,270,22
lang/java/mapred/src/main/java/org/apache/avro/hadoop/file/HadoopCodecFactory.java,3,85,7
lang/java/mapred/src/main/java/org/apache/avro/hadoop/file/SortedKeyValueFile.java,6,652,19
lang/java/mapred/src/main/java/org/apache/avro/hadoop/io/AvroSequenceFile.java,4,792,57
lang/java/mapred/src/main/java/org/apache/avro/mapred/AvroAsTextInputFormat.java,3,77,7
lang/java/mapred/src/main/java/org/apache/avro/mapred/AvroAsTextRecordReader.java,3,105,6
lang/java/mapred/src/main/java/org/apache/avro/mapred/AvroInputFormat.java,2,28,9
lang/java/mapred/src/main/java/org/apache/avro/mapred/AvroJob.java,5,92,5
lang/java/mapred/src/main/java/org/apache/avro/mapred/AvroMultipleOutputs.java,6,679,53
lang/java/mapred/src/main/java/org/apache/avro/mapred/AvroOutputFormat.java,9,120,46
lang/java/mapred/src/main/java/org/apache/avro/mapred/AvroRecordReader.java,3,11,11
lang/java/mapred/src/main/java/org/apache/avro/mapred/AvroSerialization.java,6,42,37
lang/java/mapred/src/main/java/org/apache/avro/mapred/AvroTextOutputFormat.java,2,141,7
lang/java/mapred/src/main/java/org/apache/avro/mapred/AvroUtf8InputFormat.java,1,4,4
lang/java/mapred/src/main/java/org/apache/avro/mapred/AvroWrapper.java,3,10,2
lang/java/mapred/src/main/java/org/apache/avro/mapred/HadoopCombiner.java,1,1,1
lang/java/mapred/src/main/java/org/apache/avro/mapred/HadoopMapper.java,4,13,32
lang/java/mapred/src/main/java/org/apache/avro/mapred/HadoopReducerBase.java,3,9,5
lang/java/mapred/src/main/java/org/apache/avro/mapred/Pair.java,5,106,25
lang/java/mapred/src/main/java/org/apache/avro/mapred/SequenceFileReader.java,1,3,3
lang/java/mapred/src/main/java/org/apache/avro/mapred/SequenceFileRecordReader.java,1,1,1
lang/java/mapred/src/main/java/org/apache/avro/mapred/tether/TetherData.java,1,1,1
lang/java/mapred/src/main/java/org/apache/avro/mapred/tether/TetherInputFormat.java,2,19,7
lang/java/mapred/src/main/java/org/apache/avro/mapred/tether/TetherJob.java,6,105,90
lang/java/mapred/src/main/java/org/apache/avro/mapred/tether/TetherKeyComparator.java,2,3,3
lang/java/mapred/src/main/java/org/apache/avro/mapred/tether/TetherKeySerialization.java,5,13,11
lang/java/mapred/src/main/java/org/apache/avro/mapred/tether/TetherMapRunner.java,3,9,7
lang/java/mapred/src/main/java/org/apache/avro/mapred/tether/TetherOutputFormat.java,2,2,2
lang/java/mapred/src/main/java/org/apache/avro/mapred/tether/TetherPartitioner.java,1,1,1
lang/java/mapred/src/main/java/org/apache/avro/mapred/tether/TetherRecordReader.java,1,5,5
lang/java/mapred/src/main/java/org/apache/avro/mapred/tether/TetherReducer.java,2,3,4
lang/java/mapred/src/main/java/org/apache/avro/mapred/tether/TetheredProcess.java,7,132,33
lang/java/mapred/src/main/java/org/apache/avro/mapreduce/AvroKeyRecordWriter.java,7,107,16
lang/java/mapred/src/main/java/org/apache/avro/mapreduce/AvroKeyValueRecordWriter.java,7,159,18
lang/java/mapred/src/main/java/org/apache/avro/mapreduce/AvroMultipleOutputs.java,7,708,108
lang/java/mapred/src/main/java/org/apache/avro/mapreduce/AvroOutputFormatBase.java,8,135,29
lang/java/mapred/src/test/java/org/apache/avro/hadoop/file/TestHadoopCodecFactory.java,2,65,5
lang/java/mapred/src/test/java/org/apache/avro/mapred/TestAvroInputFormat.java,2,91,8
lang/java/mapred/src/test/java/org/apache/avro/mapred/TestAvroMultipleOutputs.java,4,400,55
lang/java/mapred/src/test/java/org/apache/avro/mapred/TestAvroOutputFormat.java,3,168,26
lang/java/mapred/src/test/java/org/apache/avro/mapred/TestAvroTextOutputFormat.java,2,95,5
lang/java/mapred/src/test/java/org/apache/avro/mapred/TestAvroTextSort.java,1,6,6
lang/java/mapred/src/test/java/org/apache/avro/mapred/TestGenericJob.java,3,167,14
lang/java/mapred/src/test/java/org/apache/avro/mapred/TestReflectJob.java,3,169,10
lang/java/mapred/src/test/java/org/apache/avro/mapred/TestSequenceFileReader.java,2,54,14
lang/java/mapred/src/test/java/org/apache/avro/mapred/TestWeather.java,4,64,17
lang/java/mapred/src/test/java/org/apache/avro/mapred/TestWordCount.java,2,30,27
lang/java/mapred/src/test/java/org/apache/avro/mapred/WordCountUtil.java,5,53,13
lang/java/mapred/src/test/java/org/apache/avro/mapred/tether/TetherTask.java,6,49,14
lang/java/mapred/src/test/java/org/apache/avro/mapred/tether/WordCountTask.java,4,10,5
lang/java/mapred/src/test/java/org/apache/avro/mapreduce/TestAvroKeyRecordWriter.java,5,142,18
lang/java/mapred/src/test/java/org/apache/avro/mapreduce/TestAvroKeyValueRecordWriter.java,6,257,22
lang/java/mapred/src/test/java/org/apache/avro/mapreduce/TestAvroMultipleOutputs.java,3,432,14
lang/java/mapred/src/test/java/org/apache/avro/mapreduce/TestAvroMultipleOutputsSyncable.java,2,431,13
lang/java/maven-plugin/src/main/java/org/apache/avro/mojo/AbstractAvroMojo.java,12,262,23
lang/java/maven-plugin/src/main/java/org/apache/avro/mojo/IDLProtocolMojo.java,11,133,19
lang/java/maven-plugin/src/main/java/org/apache/avro/mojo/ProtocolMojo.java,9,85,9
lang/java/maven-plugin/src/main/java/org/apache/avro/mojo/SchemaMojo.java,13,112,18
lang/java/maven-plugin/src/test/java/org/apache/avro/mojo/AbstractAvroMojoTest.java,2,61,1
lang/java/maven-plugin/src/test/java/org/apache/avro/mojo/TestIDLProtocolMojo.java,3,46,2
lang/java/maven-plugin/src/test/java/org/apache/avro/mojo/TestProtocolMojo.java,2,45,1
lang/java/maven-plugin/src/test/java/org/apache/avro/mojo/TestSchemaMojo.java,2,45,1
lang/java/protobuf/src/main/java/org/apache/avro/protobuf/ProtobufData.java,11,402,54
lang/java/protobuf/src/main/java/org/apache/avro/protobuf/ProtobufDatumReader.java,6,94,10
lang/java/protobuf/src/main/java/org/apache/avro/protobuf/ProtobufDatumWriter.java,3,76,7
lang/java/protobuf/src/test/java/org/apache/avro/protobuf/Test.java,6,3941,625
lang/java/protobuf/src/test/java/org/apache/avro/protobuf/TestProtobuf.java,6,96,4
lang/java/thrift/src/main/java/org/apache/avro/thrift/ThriftData.java,12,315,45
lang/java/thrift/src/main/java/org/apache/avro/thrift/ThriftDatumWriter.java,2,61,3
lang/java/thrift/src/test/java/org/apache/avro/thrift/test/E.java,3,50,2
lang/java/thrift/src/test/java/org/apache/avro/thrift/test/Error.java,3,427,42
lang/java/thrift/src/test/java/org/apache/avro/thrift/test/Foo.java,3,2203,207
lang/java/thrift/src/test/java/org/apache/avro/thrift/test/FooOrBar.java,3,361,5
lang/java/thrift/src/test/java/org/apache/avro/thrift/test/Nested.java,3,431,48
lang/java/thrift/src/test/java/org/apache/avro/thrift/test/Test.java,7,2454,443
lang/java/tools/src/main/java/org/apache/avro/tool/BinaryFragmentToJsonTool.java,9,56,38
lang/java/tools/src/main/java/org/apache/avro/tool/CatTool.java,3,236,20
lang/java/tools/src/main/java/org/apache/avro/tool/DataFileGetMetaTool.java,4,101,7
lang/java/tools/src/main/java/org/apache/avro/tool/DataFileRepairTool.java,2,313,5
lang/java/tools/src/main/java/org/apache/avro/tool/DataFileWriteTool.java,6,13,38
lang/java/tools/src/main/java/org/apache/avro/tool/FromTextTool.java,5,64,44
lang/java/tools/src/main/java/org/apache/avro/tool/IdlTool.java,2,2,2
lang/java/tools/src/main/java/org/apache/avro/tool/JsonToBinaryFragmentTool.java,8,73,47
lang/java/tools/src/main/java/org/apache/avro/tool/RpcReceiveTool.java,5,14,18
lang/java/tools/src/main/java/org/apache/avro/tool/RpcSendTool.java,4,6,6
lang/java/tools/src/main/java/org/apache/avro/tool/ToTextTool.java,3,15,15
lang/java/tools/src/main/java/org/apache/avro/tool/TrevniMetadataTool.java,2,116,1
lang/java/tools/src/main/java/org/apache/avro/tool/TrevniToJsonTool.java,3,184,3
lang/java/tools/src/main/java/org/apache/avro/tool/TrevniUtil.java,2,88,5
lang/java/tools/src/main/java/org/apache/avro/tool/Util.java,7,250,92
lang/java/tools/src/test/compiler/output-string/avro/examples/baseball/Player.java,14,497,84
lang/java/tools/src/test/compiler/output-string/avro/examples/baseball/Position.java,4,32,19
lang/java/tools/src/test/compiler/output/Player.java,21,538,125
lang/java/tools/src/test/compiler/output/Position.java,7,33,20
lang/java/tools/src/test/java/org/apache/avro/tool/TestCatTool.java,2,365,18
lang/java/tools/src/test/java/org/apache/avro/tool/TestCreateRandomFileTool.java,3,116,7
lang/java/tools/src/test/java/org/apache/avro/tool/TestDataFileTools.java,6,85,50
lang/java/tools/src/test/java/org/apache/avro/tool/TestJsonToFromBinaryFragmentTools.java,3,86,24
lang/java/tools/src/test/java/org/apache/avro/tool/TestRpcReceiveAndSendTools.java,1,4,4
lang/java/tools/src/test/java/org/apache/avro/tool/TestTextFileTools.java,4,155,10
lang/java/tools/src/test/java/org/apache/avro/tool/TestToTrevniTool.java,2,76,1
lang/java/trevni/avro/src/main/java/org/apache/trevni/avro/AvroColumnReader.java,4,295,19
lang/java/trevni/avro/src/main/java/org/apache/trevni/avro/AvroColumnWriter.java,2,179,6
lang/java/trevni/avro/src/main/java/org/apache/trevni/avro/AvroColumnator.java,4,176,8
lang/java/trevni/avro/src/main/java/org/apache/trevni/avro/AvroTrevniInputFormat.java,3,111,6
lang/java/trevni/avro/src/main/java/org/apache/trevni/avro/AvroTrevniOutputFormat.java,3,126,7
lang/java/trevni/avro/src/main/java/org/apache/trevni/avro/mapreduce/AvroTrevniKeyInputFormat.java,3,63,6
lang/java/trevni/avro/src/main/java/org/apache/trevni/avro/mapreduce/AvroTrevniKeyOutputFormat.java,2,60,4
lang/java/trevni/avro/src/main/java/org/apache/trevni/avro/mapreduce/AvroTrevniKeyRecordReader.java,2,61,2
lang/java/trevni/avro/src/main/java/org/apache/trevni/avro/mapreduce/AvroTrevniKeyValueInputFormat.java,3,70,6
lang/java/trevni/avro/src/main/java/org/apache/trevni/avro/mapreduce/AvroTrevniKeyValueOutputFormat.java,2,72,8
lang/java/trevni/avro/src/main/java/org/apache/trevni/avro/mapreduce/AvroTrevniKeyValueRecordReader.java,2,69,1
lang/java/trevni/avro/src/main/java/org/apache/trevni/avro/mapreduce/AvroTrevniKeyValueRecordWriter.java,2,112,11
lang/java/trevni/avro/src/main/java/org/apache/trevni/avro/mapreduce/AvroTrevniRecordReaderBase.java,2,112,8
lang/java/trevni/avro/src/main/java/org/apache/trevni/avro/mapreduce/AvroTrevniRecordWriterBase.java,2,151,15
lang/java/trevni/avro/src/test/java/org/apache/trevni/avro/RandomData.java,3,134,5
lang/java/trevni/avro/src/test/java/org/apache/trevni/avro/TestMetadataFiltering.java,2,55,5
lang/java/trevni/avro/src/test/java/org/apache/trevni/avro/TestShredder.java,5,298,22
lang/java/trevni/avro/src/test/java/org/apache/trevni/avro/TestWordCount.java,3,171,24
lang/java/trevni/avro/src/test/java/org/apache/trevni/avro/WordCountUtil.java,3,150,15
lang/java/trevni/avro/src/test/java/org/apache/trevni/avro/mapreduce/TestKeyValueWordCount.java,3,187,28
lang/java/trevni/avro/src/test/java/org/apache/trevni/avro/mapreduce/TestKeyWordCount.java,3,213,35
lang/java/trevni/core/src/main/java/org/apache/trevni/BZip2Codec.java,2,82,5
lang/java/trevni/core/src/main/java/org/apache/trevni/BlockDescriptor.java,2,51,2
lang/java/trevni/core/src/main/java/org/apache/trevni/ColumnDescriptor.java,2,97,1
lang/java/trevni/core/src/main/java/org/apache/trevni/ColumnFileReader.java,3,153,1
lang/java/trevni/core/src/main/java/org/apache/trevni/ColumnFileWriter.java,3,176,3
lang/java/trevni/core/src/main/java/org/apache/trevni/ColumnOutputBuffer.java,3,123,3
lang/java/trevni/core/src/main/java/org/apache/trevni/ColumnValues.java,3,152,2
lang/java/trevni/core/src/main/java/org/apache/trevni/DeflateCodec.java,2,79,3
lang/java/trevni/core/src/main/java/org/apache/trevni/InputBuffer.java,6,387,8
lang/java/trevni/core/src/main/java/org/apache/trevni/MetaData.java,2,146,1
lang/java/trevni/core/src/main/java/org/apache/trevni/OutputBuffer.java,3,320,3
lang/java/trevni/core/src/main/java/org/apache/trevni/ValueType.java,3,36,2
lang/java/trevni/core/src/test/java/org/apache/trevni/TestBZip2Codec.java,2,82,13
lang/java/trevni/core/src/test/java/org/apache/trevni/TestIOBuffers.java,4,290,23
lang/java/trevni/core/src/test/java/org/apache/trevni/TestInputBytes.java,2,51,1
lang/java/trevni/core/src/test/java/org/apache/trevni/TestUtil.java,3,112,2
lang/java/ipc/src/test/java/org/apache/avro/TestProtocolParsing.java,1,27,7
lang/java/compiler/src/main/java/org/apache/avro/compiler/idl/SchemaResolver.java,7,919,208
lang/java/avro/src/test/java/org/apache/avro/reflect/TestReflectData.java,2,53,0
lang/java/compiler/src/test/java/org/apache/avro/compiler/idl/TestCycle.java,4,367,50
lang/java/avro/src/test/java/org/apache/avro/io/parsing/SymbolTest.java,1,75,0
lang/java/avro/src/main/java/org/apache/avro/LogicalTypes.java,5,377,26
lang/java/guava/src/main/java/org/apache/avro/GuavaClasses.java,1,31,0
lang/java/tools/src/main/java/org/apache/avro/tool/Main.java,11,27,7
doc/examples/mr-example/src/main/java/example/GenerateData.java,2,57,0
lang/java/mapred/src/test/java/org/apache/avro/hadoop/io/TestAvroSerialization.java,4,186,7
lang/java/tools/src/main/java/org/apache/avro/tool/CreateRandomFileTool.java,4,106,9
lang/java/avro/src/main/java/org/apache/avro/Conversion.java,2,189,0
lang/java/avro/src/main/java/org/apache/avro/Conversions.java,2,123,0
lang/java/avro/src/main/java/org/apache/avro/LogicalType.java,2,95,0
lang/java/avro/src/main/java/org/apache/avro/data/TimeConversions.java,2,146,0
lang/java/avro/src/test/java/org/apache/avro/TestCircularReferences.java,2,405,0
lang/java/avro/src/test/java/org/apache/avro/TestLogicalType.java,2,297,0
lang/java/avro/src/test/java/org/apache/avro/data/TestTimeConversions.java,2,250,0
lang/java/avro/src/test/java/org/apache/avro/generic/TestGenericLogicalTypes.java,2,235,0
lang/java/avro/src/test/java/org/apache/avro/reflect/TestReflectLogicalTypes.java,2,829,0
lang/java/avro/src/test/java/org/apache/avro/TestSchemaCompatibility.java,4,623,15
lang/java/ipc/src/test/java/org/apache/avro/specific/TestSpecificBuilderTree.java,2,257,0
lang/java/mapred/src/main/java/org/apache/avro/mapred/FsInput.java,2,14,3
lang/java/mapred/src/test/java/org/apache/avro/mapreduce/TestFsInput.java,1,137,0
lang/java/avro/src/test/java/org/apache/avro/util/internal/TestJacksonUtils.java,2,101,0
lang/java/tools/src/test/java/org/apache/avro/tool/TestDataFileRepairTool.java,2,207,0
lang/java/tools/src/test/java/org/apache/avro/tool/TestTetherTool.java,2,126,0
lang/java/avro/src/test/java/org/apache/avro/reflect/TestReflectAllowNulls.java,2,154,0
lang/java/ipc/src/test/java/org/apache/avro/ipc/NettyTransceiverWhenFailsToConnect.java,1,82,0
lang/java/thrift/src/test/java/org/apache/avro/thrift/TestThrift.java,5,98,2
lang/java/avro/src/test/java/org/apache/avro/TestDataFileCorruption.java,1,97,0
lang/java/ipc/src/main/java/org/apache/avro/ipc/trace/FileSpanStorage.java,1,0,359
lang/java/ipc/src/main/java/org/apache/avro/ipc/trace/InMemorySpanStorage.java,1,0,78
lang/java/ipc/src/main/java/org/apache/avro/ipc/trace/SpanAggregator.java,1,0,180
lang/java/ipc/src/main/java/org/apache/avro/ipc/trace/SpanStorage.java,1,0,57
lang/java/ipc/src/main/java/org/apache/avro/ipc/trace/StaticServlet.java,1,0,50
lang/java/ipc/src/main/java/org/apache/avro/ipc/trace/Trace.java,1,0,243
lang/java/ipc/src/main/java/org/apache/avro/ipc/trace/TraceClientServlet.java,2,4,257
lang/java/ipc/src/main/java/org/apache/avro/ipc/trace/TraceCollection.java,1,0,306
lang/java/ipc/src/main/java/org/apache/avro/ipc/trace/TraceNode.java,1,0,139
lang/java/ipc/src/main/java/org/apache/avro/ipc/trace/TracePlugin.java,3,10,385
lang/java/ipc/src/main/java/org/apache/avro/ipc/trace/TracePluginConfiguration.java,1,0,75
lang/java/ipc/src/main/java/org/apache/avro/ipc/trace/Util.java,1,0,222
lang/java/ipc/src/test/java/org/apache/avro/ipc/trace/SingletonTestingTracePlugin.java,1,0,38
lang/java/ipc/src/test/java/org/apache/avro/ipc/trace/TestBasicTracing.java,3,33,471
lang/java/ipc/src/test/java/org/apache/avro/ipc/trace/TestEndToEndTracing.java,2,3,263
lang/java/ipc/src/test/java/org/apache/avro/ipc/trace/TestFileSpanStorage.java,7,59,242
lang/java/ipc/src/test/java/org/apache/avro/ipc/trace/TestSpanAggregation.java,3,73,299
lang/java/ipc/src/test/java/org/apache/avro/ipc/trace/TestSpanTraceFormation.java,3,94,373
lang/java/ipc/src/test/java/org/apache/avro/ipc/trace/TestStaticServlet.java,1,0,32
lang/java/ipc/src/test/java/org/apache/avro/ipc/trace/TestTraceCollection.java,3,13,129
lang/java/ipc/src/test/java/org/apache/avro/ipc/trace/TestTraceConfigurations.java,1,0,104
lang/java/ipc/src/test/java/org/apache/avro/ipc/trace/TestTraceSingletons.java,2,6,82
lang/java/ipc/src/test/java/org/apache/avro/ipc/trace/TestTracingUtil.java,1,0,46
lang/java/avro/src/test/java/org/apache/avro/specific/TestSpecificData.java,8,203,31
lang/java/mapred/src/main/java/org/apache/avro/mapred/tether/TetherOutputService.java,2,23,11
lang/java/mapred/src/test/java/org/apache/avro/mapred/tether/TestWordCountTether.java,5,166,37
lang/java/mapred/src/test/java/org/apache/avro/mapred/tether/TetherTaskRunner.java,3,56,11
lang/java/tools/src/main/java/org/apache/avro/tool/TetherTool.java,4,212,34
lang/java/ipc/src/test/java/org/apache/avro/ipc/specific/TestSpecificRequestor.java,1,72,0
lang/java/avro/src/main/java/org/apache/avro/specific/ExternalizableInput.java,1,50,0
lang/java/avro/src/main/java/org/apache/avro/specific/ExternalizableOutput.java,1,44,0
lang/java/avro/src/test/java/org/apache/avro/TestSchemaValidation.java,2,190,0
lang/java/tools/src/main/java/org/apache/avro/tool/SpecificCompilerTool.java,5,183,13
lang/java/tools/src/test/java/org/apache/avro/tool/TestSpecificCompilerTool.java,4,174,11
lang/java/ipc/src/test/java/org/apache/avro/ipc/TestNettyTransceiverWhenServerStops.java,2,140,1
lang/java/mapred/src/test/java/org/apache/avro/hadoop/util/TestAvroCharSequenceComparator.java,3,96,6
lang/java/tools/src/main/java/org/apache/avro/tool/DataFileReadTool.java,6,43,29
lang/java/tools/src/main/java/org/apache/avro/tool/RecodecTool.java,3,8,19
lang/java/tools/src/main/java/org/apache/avro/tool/ToTrevniTool.java,2,84,1
lang/java/mapred/src/main/java/org/apache/avro/hadoop/io/AvroDatumConverterFactory.java,4,378,10
lang/java/mapred/src/test/java/org/apache/avro/mapreduce/TestKeyValueInput.java,3,260,6
lang/java/avro/src/main/java/org/apache/avro/SchemaValidationException.java,1,39,0
lang/java/avro/src/main/java/org/apache/avro/ValidateAll.java,1,55,0
lang/java/avro/src/main/java/org/apache/avro/ValidateLatest.java,1,55,0
lang/java/mapred/src/test/java/org/apache/avro/hadoop/file/TestSortedKeyValueFile.java,5,357,7
lang/java/avro/src/main/java/org/apache/avro/generic/DecimalRecordMapping.java,2,65,65
lang/java/avro/src/main/java/org/apache/avro/generic/RecordMapping.java,2,69,69
lang/java/compiler/src/test/java/org/apache/avro/compiler/TestSpecificCompiler.java,4,216,14
lang/java/mapred/src/main/java/org/apache/avro/mapred/AvroMultipleInputs.java,2,219,1
lang/java/mapred/src/main/java/org/apache/avro/mapred/DelegatingInputFormat.java,1,133,0
lang/java/mapred/src/main/java/org/apache/avro/mapred/DelegatingMapper.java,1,66,0
lang/java/mapred/src/main/java/org/apache/avro/mapred/MapCollector.java,1,51,0
lang/java/mapred/src/main/java/org/apache/avro/mapred/TaggedInputSplit.java,1,162,0
lang/java/mapred/src/test/java/org/apache/avro/mapred/TestAvroMultipleInputs.java,1,296,0
lang/java/mapred/src/main/java/org/apache/avro/hadoop/io/AvroDeserializer.java,6,149,11
lang/java/mapred/src/main/java/org/apache/avro/hadoop/io/AvroKeyDeserializer.java,5,74,8
lang/java/mapred/src/main/java/org/apache/avro/hadoop/io/AvroSerializer.java,5,137,8
lang/java/mapred/src/main/java/org/apache/avro/hadoop/io/AvroValueDeserializer.java,5,74,8
lang/java/avro/src/main/java/org/apache/avro/util/ClassUtils.java,1,109,0
lang/java/thrift/src/main/java/org/apache/avro/thrift/ThriftDatumReader.java,3,98,6
lang/java/avro/src/main/java/org/apache/avro/reflect/AvroSchema.java,1,44,0
lang/java/mapred/src/main/java/org/apache/avro/mapreduce/Syncable.java,1,32,0
doc/examples/mr-example/src/main/java/example/MapReduceColorCount.java,1,107,0
lang/java/avro/src/main/java/org/apache/avro/SchemaCompatibility.java,1,526,0
lang/java/mapred/src/main/java/org/apache/avro/mapreduce/AvroKeyOutputFormat.java,5,131,22
lang/java/mapred/src/main/java/org/apache/avro/mapreduce/AvroKeyValueOutputFormat.java,4,75,9
lang/java/mapred/src/test/java/org/apache/avro/mapreduce/TestAvroKeyOutputFormat.java,9,183,20
lang/java/avro/src/main/java/org/apache/avro/reflect/AvroDefault.java,1,32,0
lang/java/avro/src/main/java/org/apache/avro/file/XZCodec.java,1,122,0
lang/java/avro/src/main/java/org/apache/avro/file/Syncable.java,1,35,0
lang/java/avro/src/main/java/org/apache/avro/file/SyncableFileOutputStream.java,1,107,0
lang/java/mapred/src/main/java/org/apache/avro/hadoop/io/AvroKeyComparator.java,4,75,10
lang/java/mapred/src/main/java/org/apache/avro/hadoop/io/AvroSerialization.java,4,282,16
lang/java/mapred/src/main/java/org/apache/avro/mapreduce/AvroJob.java,4,213,5
lang/java/mapred/src/main/java/org/apache/avro/mapreduce/AvroRecordReaderBase.java,4,195,10
lang/java/avro/src/main/java/org/apache/avro/reflect/AvroEncode.java,1,35,0
lang/java/avro/src/main/java/org/apache/avro/reflect/AvroIgnore.java,1,33,0
lang/java/avro/src/main/java/org/apache/avro/reflect/AvroMeta.java,1,34,0
lang/java/avro/src/main/java/org/apache/avro/reflect/AvroName.java,1,34,0
lang/java/avro/src/main/java/org/apache/avro/reflect/DateAsLongEncoding.java,1,53,0
lang/java/avro/src/main/java/org/apache/avro/reflect/Stringable.java,1,2,2
lang/java/tools/src/main/java/org/apache/avro/tool/IdlToSchemataTool.java,1,90,0
lang/java/tools/src/test/java/org/apache/avro/tool/TestIdlToSchemataTool.java,1,41,0
lang/java/avro/src/main/java/org/apache/avro/generic/GenericEnumSymbol.java,2,3,2
lang/java/avro/src/main/java/org/apache/avro/reflect/ArrayAccessor.java,1,228,0
lang/java/avro/src/main/java/org/apache/avro/SchemaBuilderException.java,1,26,0
lang/java/tools/src/main/java/org/apache/avro/tool/DataFileGetSchemaTool.java,1,1,2
lang/java/trevni/core/src/main/java/org/apache/trevni/ArrayColumnOutputBuffer.java,3,86,5
lang/java/avro/src/test/java/org/apache/avro/reflect/TestReflectDatumReader.java,3,197,19
lang/java/trevni/avro/src/main/java/org/apache/trevni/avro/mapreduce/AvroTrevniKeyRecordWriter.java,1,62,0
lang/java/ipc/src/main/java/org/apache/avro/ipc/generic/GenericRequestor.java,3,36,7
lang/java/trevni/core/src/main/java/org/apache/trevni/Codec.java,2,46,0
lang/java/tools/src/main/java/org/apache/avro/tool/ConcatTool.java,1,152,0
lang/java/tools/src/test/java/org/apache/avro/tool/TestConcatTool.java,1,225,0
lang/java/tools/src/main/java/org/apache/avro/tool/RpcProtocolTool.java,1,111,0
lang/java/tools/src/test/java/org/apache/avro/tool/TestRpcProtocolTool.java,1,96,0
lang/java/avro/src/main/java/org/apache/avro/io/parsing/JsonGrammarGenerator.java,2,4,3
lang/java/trevni/avro/src/test/java/org/apache/trevni/avro/TestEvolvedSchema.java,1,128,0
lang/java/mapred/src/test/java/org/apache/avro/mapred/TestAvroWrapper.java,1,32,0
lang/java/mapred/src/test/java/org/apache/avro/mapreduce/TestWordCount.java,4,526,5
lang/java/avro/src/test/java/org/apache/avro/file/TestCustomCodec.java,1,58,0
lang/java/avro/src/test/java/org/apache/avro/file/codec/CustomCodec.java,1,94,0
doc/examples/mr-example/src/main/java/example/AvroWordCount.java,1,105,0
doc/examples/mr-example/src/main/java/example/ColorCount.java,1,93,0
lang/java/mapred/src/test/java/org/apache/avro/mapred/TestPair.java,1,40,0
lang/java/ipc/src/test/java/org/apache/avro/TestAnnotation.java,1,28,0
lang/java/mapred/src/main/java/org/apache/hadoop/io/SequenceFileBase.java,3,68,68
lang/java/avro/src/test/java/org/apache/avro/TestDataFileMeta.java,1,1,1
lang/java/avro/src/test/java/org/apache/avro/reflect/ByteBufferTest.java,2,142,4
lang/java/ipc/src/test/java/org/apache/avro/AvroTestUtil.java,2,32,32
lang/java/tools/src/test/java/org/apache/avro/AvroTestUtil.java,2,32,32
lang/java/tools/src/test/java/org/apache/avro/tool/TestRecodecTool.java,1,6,6
lang/java/tools/src/main/java/org/apache/avro/tool/TrevniCreateRandomTool.java,1,67,0
lang/java/trevni/avro/src/main/java/org/apache/trevni/avro/HadoopInput.java,1,51,0
lang/java/trevni/avro/src/test/java/org/apache/trevni/avro/TestCases.java,1,102,0
lang/java/trevni/core/src/main/java/org/apache/trevni/Checksum.java,1,41,0
lang/java/trevni/core/src/main/java/org/apache/trevni/ColumnFileMetaData.java,1,31,0
lang/java/trevni/core/src/main/java/org/apache/trevni/ColumnMetaData.java,1,122,0
lang/java/trevni/core/src/main/java/org/apache/trevni/Crc32Checksum.java,1,39,0
lang/java/trevni/core/src/main/java/org/apache/trevni/Input.java,1,31,0
lang/java/trevni/core/src/main/java/org/apache/trevni/InputBytes.java,1,46,0
lang/java/trevni/core/src/main/java/org/apache/trevni/InputFile.java,1,49,0
lang/java/trevni/core/src/main/java/org/apache/trevni/NullChecksum.java,1,31,0
lang/java/trevni/core/src/main/java/org/apache/trevni/NullCodec.java,1,34,0
lang/java/trevni/core/src/main/java/org/apache/trevni/SnappyCodec.java,1,45,0
lang/java/trevni/core/src/main/java/org/apache/trevni/TrevniRuntimeException.java,1,29,0
lang/java/trevni/core/src/test/java/org/apache/trevni/TestColumnFile.java,1,266,0
lang/java/avro/src/test/java/org/apache/avro/TestReflect.java,12,102,17
lang/java/mapred/src/test/java/org/apache/avro/hadoop/io/TestAvroKeyDeserializer.java,3,77,6
lang/java/mapred/src/test/java/org/apache/avro/hadoop/io/TestAvroValueDeserializer.java,3,77,6
lang/java/mapred/src/main/java/org/apache/avro/hadoop/io/AvroDatumConverter.java,2,43,5
lang/java/mapred/src/main/java/org/apache/avro/hadoop/io/AvroKeyValue.java,2,163,5
lang/java/mapred/src/main/java/org/apache/avro/hadoop/util/AvroCharSequenceComparator.java,2,93,5
lang/java/mapred/src/main/java/org/apache/avro/mapreduce/AvroKeyInputFormat.java,2,59,5
lang/java/mapred/src/main/java/org/apache/avro/mapreduce/AvroKeyRecordReader.java,2,74,5
lang/java/mapred/src/main/java/org/apache/avro/mapreduce/AvroKeyValueInputFormat.java,2,67,5
lang/java/mapred/src/main/java/org/apache/avro/mapreduce/AvroKeyValueRecordReader.java,2,90,5
lang/java/mapred/src/main/java/org/apache/avro/mapreduce/AvroSequenceFileInputFormat.java,2,150,5
lang/java/mapred/src/main/java/org/apache/avro/mapreduce/AvroSequenceFileOutputFormat.java,3,135,7
lang/java/mapred/src/test/java/org/apache/avro/hadoop/io/TestAvroDatumConverterFactory.java,2,138,5
lang/java/mapred/src/test/java/org/apache/avro/hadoop/io/TestAvroSequenceFile.java,2,215,5
lang/java/mapred/src/test/java/org/apache/avro/hadoop/io/TestAvroSerializer.java,2,72,5
lang/java/mapred/src/test/java/org/apache/avro/mapreduce/AvroFiles.java,2,61,5
lang/java/mapred/src/test/java/org/apache/avro/mapreduce/TestAvroKeyInputFormat.java,2,70,5
lang/java/mapred/src/test/java/org/apache/avro/mapreduce/TestAvroKeyRecordReader.java,2,139,5
lang/java/mapred/src/test/java/org/apache/avro/mapreduce/TestAvroKeyValueRecordReader.java,2,154,5
lang/java/mapred/src/test/java/org/apache/avro/mapreduce/TestKeyValueWordCount.java,2,139,5
lang/java/avro/src/test/java/org/apache/avro/specific/TestSpecificDatumReader.java,2,65,0
lang/java/avro/src/main/java/org/apache/avro/SchemaNormalization.java,2,185,11
lang/java/avro/src/test/java/org/apache/avro/util/TestCaseFinder.java,1,141,0
lang/java/archetypes/avro-service-archetype/src/main/resources/archetype-resources/src/main/java/transport/SimpleOrderServiceClient.java,3,106,27
lang/java/archetypes/avro-service-archetype/src/main/resources/archetype-resources/src/main/java/transport/SimpleOrderServiceEndpoint.java,3,92,25
lang/java/compiler/src/main/java/org/apache/avro/compiler/specific/SchemaTask.java,1,7,1
lang/java/ipc/src/test/java/org/apache/avro/TestNamespaceSpecific.java,3,6,12
lang/java/avro/src/main/java/org/apache/avro/file/SeekableByteArrayInput.java,1,42,0
lang/java/avro/src/test/java/org/apache/avro/file/TestSeekableByteArrayInput.java,1,86,0
lang/java/ipc/src/test/java/org/apache/avro/specific/TestSpecificDatumWriter.java,4,62,7
lang/java/mapred/src/test/java/org/apache/avro/mapred/TestAvroAsTextInputFormat.java,1,61,0
lang/java/mapred/src/main/java/org/apache/avro/mapred/AvroMapper.java,1,17,3
lang/java/mapred/src/main/java/org/apache/avro/mapred/AvroReducer.java,1,18,4
lang/java/avro/src/main/java/org/apache/avro/file/SeekableInput.java,1,2,1
lang/java/avro/src/test/java/org/apache/avro/io/Perf.java,4,1051,410
lang/java/mapred/src/main/java/org/apache/avro/mapred/AvroKey.java,1,3,0
lang/java/mapred/src/main/java/org/apache/avro/mapred/AvroValue.java,1,3,0
lang/java/avro/src/main/java/org/apache/avro/generic/GenericFixed.java,1,1,1
lang/java/ipc/src/test/java/org/apache/avro/compiler/specific/Avro14SpecificCompiler.java,1,0,280
lang/java/ipc/src/test/java/org/apache/avro/compiler/specific/TestTemplatedCompilerFidelity.java,1,0,84
lang/java/ipc/src/main/java/org/apache/avro/ipc/HttpServer.java,1,40,2
lang/java/mapred/src/main/java/org/apache/avro/mapred/AvroKeyComparator.java,2,3,3
lang/java/ipc/src/test/java/org/apache/avro/TestBulkData.java,1,2,2
lang/java/ipc/src/test/java/org/apache/avro/TestNamespaceReflect.java,1,2,2
lang/java/ipc/src/test/java/org/apache/avro/ipc/stats/StatsPluginOverhead.java,1,3,3
lang/java/ipc/src/main/java/org/apache/avro/specific/SpecificResponder.java,2,1,1
lang/java/ipc/src/test/java/org/apache/avro/specific/TestSpecificCompiler.java,1,1,1
lang/java/src/java/org/apache/avro/ipc/Requestor.java,9,81,39
lang/java/src/java/org/apache/avro/ipc/Responder.java,8,77,39
lang/java/src/java/org/apache/avro/specific/SpecificRequestor.java,5,24,13
lang/java/src/test/java/org/apache/avro/TestProtocolSpecific.java,7,53,7
lang/java/src/java/org/apache/avro/generic/GenericData.java,13,138,68
lang/java/src/test/java/org/apache/avro/generic/TestGenericData.java,7,113,5
lang/java/src/java/org/apache/avro/io/DirectBinaryDecoder.java,2,207,4
lang/java/src/test/java/org/apache/avro/io/TestBinaryDecoder.java,2,364,12
lang/java/src/java/org/apache/avro/ipc/SocketServer.java,6,53,20
lang/java/src/java/org/apache/avro/ipc/SocketTransceiver.java,5,27,5
lang/java/src/java/org/apache/avro/ipc/Ipc.java,1,53,0
lang/java/src/java/org/apache/avro/tool/RpcReceiveTool.java,3,52,14
lang/java/src/java/org/apache/avro/tool/RpcSendTool.java,2,42,22
lang/java/src/java/org/apache/avro/file/DataFileReader.java,5,114,55
lang/java/src/java/org/apache/avro/file/DataFileReader12.java,1,221,0
lang/java/src/java/org/apache/avro/mapred/AvroRecordReader.java,4,103,18
lang/java/src/java/org/apache/avro/tool/DataFileReadTool.java,2,3,2
lang/java/src/test/java/org/apache/avro/TestDataFile.java,8,101,29
lang/java/src/java/org/apache/avro/ipc/HttpTransceiver.java,3,17,17
lang/java/src/test/java/org/apache/avro/TestProtocolHttp.java,4,25,2
lang/java/src/java/org/apache/avro/io/ResolvingDecoder.java,12,137,80
lang/java/src/java/org/apache/avro/io/parsing/ResolvingGrammarGenerator.java,13,187,53
lang/java/src/test/java/org/apache/avro/io/TestResolvingIO.java,3,6,6
lang/java/src/java/org/apache/avro/Schema.java,14,544,113
lang/java/src/test/java/org/apache/avro/TestSchema.java,18,384,49
lang/java/src/java/org/apache/avro/mapred/AvroJob.java,6,242,75
lang/java/src/test/java/org/apache/avro/mapred/TestSequenceFileReader.java,2,216,6
lang/java/src/test/java/org/apache/avro/mapred/TestWeather.java,2,145,1
lang/java/src/java/org/apache/avro/file/DataFileWriter.java,10,206,74
lang/java/src/java/org/apache/avro/tool/Main.java,6,26,5
lang/java/src/java/org/apache/avro/tool/RecodecTool.java,1,115,0
lang/java/src/test/java/org/apache/avro/tool/TestRecodecTool.java,1,109,0
lang/java/src/java/org/apache/avro/specific/SpecificCompiler.java,11,152,190
lang/java/src/test/java/org/apache/avro/specific/Avro14SpecificCompiler.java,1,277,0
lang/java/src/test/java/org/apache/avro/specific/TestSpecificCompiler.java,3,58,21
lang/java/src/test/java/org/apache/avro/specific/TestTemplatedCompilerFidelity.java,1,85,0
lang/java/src/java/org/apache/avro/mapred/tether/TetheredProcess.java,3,133,1
lang/java/src/java/org/apache/avro/reflect/ReflectRequestor.java,1,8,6
lang/java/src/test/java/org/apache/avro/TestBulkData.java,3,6,4
lang/java/src/test/java/org/apache/avro/TestNamespaceReflect.java,3,4,2
lang/java/src/test/java/org/apache/avro/TestNamespaceSpecific.java,3,6,4
lang/java/src/test/java/org/apache/avro/TestProtocolDatagram.java,3,4,2
lang/java/src/test/java/org/apache/avro/TestProtocolReflect.java,6,44,10
lang/java/src/test/java/org/apache/avro/TestProtocolReflectMeta.java,3,4,2
lang/java/src/test/java/org/apache/avro/TestProtocolSpecificMeta.java,3,4,3
lang/java/src/test/java/org/apache/avro/ipc/TestNettyServer.java,6,80,4
lang/java/src/test/java/org/apache/avro/mapred/tether/TetherTask.java,3,206,3
lang/java/src/java/org/apache/avro/file/DataFileStream.java,9,238,74
lang/java/src/test/java/org/apache/avro/TestDataFileMeta.java,3,80,1
lang/java/src/java/org/apache/avro/generic/GenericDatumReader.java,12,166,260
lang/java/src/java/org/apache/avro/generic/GenericDatumWriter.java,7,52,47
lang/java/src/java/org/apache/avro/reflect/ReflectData.java,9,105,41
lang/java/src/java/org/apache/avro/reflect/ReflectDatumReader.java,4,21,27
lang/java/src/java/org/apache/avro/reflect/ReflectDatumWriter.java,3,3,19
lang/java/src/java/org/apache/avro/specific/SpecificData.java,7,21,85
lang/java/src/java/org/apache/avro/specific/SpecificDatumReader.java,4,39,21
lang/java/src/test/java/org/apache/avro/TestReflect.java,8,172,23
lang/java/src/java/org/apache/avro/io/BinaryEncoder.java,2,16,4
lang/java/src/java/org/apache/avro/io/BlockingBinaryEncoder.java,2,20,12
lang/java/src/java/org/apache/avro/io/Encoder.java,1,17,1
lang/java/src/java/org/apache/avro/io/JsonEncoder.java,6,24,13
lang/java/src/java/org/apache/avro/io/ValidatingEncoder.java,5,16,4
lang/java/src/java/org/apache/avro/util/Utf8.java,5,63,18
lang/java/src/java/org/apache/avro/tool/DataFileWriteTool.java,2,67,12
lang/java/src/test/java/org/apache/avro/tool/TestDataFileTools.java,5,50,12
lang/java/src/java/org/apache/avro/file/FileReader.java,1,49,0
lang/java/src/java/org/apache/avro/mapred/SequenceFileInputFormat.java,1,43,0
lang/java/src/java/org/apache/avro/mapred/SequenceFileReader.java,1,247,0
lang/java/src/java/org/apache/avro/mapred/SequenceFileRecordReader.java,1,36,0
lang/java/src/java/org/apache/avro/ipc/SaslSocketServer.java,1,102,0
lang/java/src/java/org/apache/avro/ipc/SaslSocketTransceiver.java,1,389,0
lang/java/src/test/java/org/apache/avro/ipc/TestSaslAnonymous.java,1,49,0
lang/java/src/test/java/org/apache/avro/ipc/TestSaslDigestMd5.java,1,167,0
lang/java/src/java/org/apache/avro/generic/GenericArray.java,2,7,11
lang/java/src/java/org/apache/avro/ipc/trace/TracePlugin.java,6,406,31
lang/java/src/java/org/apache/avro/ipc/trace/TracePluginConfiguration.java,4,78,3
lang/java/src/test/java/org/apache/avro/ipc/trace/SingletonTestingTracePlugin.java,1,38,0
lang/java/src/test/java/org/apache/avro/ipc/trace/TestBasicTracing.java,4,477,39
lang/java/src/test/java/org/apache/avro/ipc/trace/TestEndToEndTracing.java,3,263,3
lang/java/src/test/java/org/apache/avro/ipc/trace/TestTraceConfigurations.java,1,104,0
lang/java/src/test/java/org/apache/avro/ipc/trace/TestTraceSingletons.java,1,76,0
lang/java/src/test/java/org/apache/avro/ipc/trace/TestTracingUtil.java,2,46,0
lang/java/src/java/org/apache/avro/ipc/trace/TraceCollection.java,2,331,25
lang/java/src/java/org/apache/avro/ipc/trace/Util.java,4,236,14
lang/java/src/java/org/apache/avro/ipc/NettyTransportCodec.java,2,183,0
lang/java/src/java/org/apache/avro/mapred/AvroUtf8InputFormat.java,2,117,0
lang/java/src/test/java/org/apache/avro/ipc/trace/TestTraceCollection.java,2,116,0
lang/java/src/java/org/apache/avro/ipc/RPCContext.java,4,64,26
lang/java/src/java/org/apache/avro/ipc/trace/SpanAggregator.java,3,183,2
lang/java/src/test/java/org/apache/avro/RPCMetaTestPlugin.java,3,21,11
lang/java/src/test/java/org/apache/avro/ipc/trace/TestSpanAggregation.java,3,230,2
lang/java/src/test/java/NoPackage.java,1,21,0
lang/java/src/java/org/apache/avro/file/DeflateCodec.java,6,232,87
lang/java/src/test/java/org/apache/avro/TestDataFileConcat.java,2,234,58
lang/java/src/test/java/org/apache/avro/mapred/TestWordCount.java,2,55,0
lang/java/src/test/java/org/apache/avro/mapred/WordCountUtil.java,5,146,10
lang/java/src/java/org/apache/avro/ipc/stats/StaticServlet.java,2,46,0
lang/java/src/java/org/apache/avro/ipc/trace/StaticServlet.java,1,50,0
lang/java/src/java/org/apache/avro/ipc/trace/Trace.java,3,248,5
lang/java/src/java/org/apache/avro/ipc/trace/TraceClientServlet.java,2,265,12
lang/java/src/java/org/apache/avro/ipc/trace/TraceNode.java,2,146,7
lang/java/src/test/java/org/apache/avro/ipc/trace/TestStaticServlet.java,1,32,0
lang/java/src/java/org/apache/avro/tool/IdlTool.java,1,6,5
lang/java/src/test/java/org/apache/avro/idl/TestIdl.java,1,1,1
lang/java/src/java/org/apache/avro/ipc/trace/FileSpanStorage.java,1,359,0
lang/java/src/java/org/apache/avro/ipc/trace/InMemorySpanStorage.java,2,79,1
lang/java/src/java/org/apache/avro/ipc/trace/SpanStorage.java,2,57,0
lang/java/src/test/java/org/apache/avro/ipc/trace/TestFileSpanStorage.java,1,183,0
lang/java/src/java/org/apache/avro/mapred/AvroOutputFormat.java,4,114,13
lang/java/src/java/org/apache/avro/io/ValidatingDecoder.java,6,13,5
lang/java/src/java/org/apache/avro/util/WeakIdentityHashMap.java,1,169,0
lang/java/src/test/java/org/apache/avro/io/Perf.java,11,934,279
lang/java/src/java/org/apache/avro/tool/JsonToBinaryFragmentTool.java,1,1,0
lang/java/src/test/java/org/apache/avro/tool/TestJsonToFromBinaryFragmentTools.java,2,4,3
lang/java/src/java/org/apache/avro/generic/GenericEnumSymbol.java,1,24,0
lang/java/src/java/org/apache/avro/generic/GenericRequestor.java,3,22,4
lang/java/src/java/org/apache/avro/mapred/Pair.java,2,469,17
lang/java/src/java/org/apache/avro/mapred/tether/TetherOutputService.java,2,106,5
lang/java/src/java/org/apache/avro/reflect/ReflectResponder.java,2,15,3
lang/java/src/test/java/org/apache/avro/RandomData.java,2,3,3
lang/java/src/test/java/org/apache/avro/TestProtocolGeneric.java,7,35,15
lang/java/src/test/java/org/apache/avro/mapred/tether/TetherTaskRunner.java,3,93,3
lang/java/src/test/java/org/apache/avro/ipc/trace/TestSpanTraceFormation.java,1,279,0
lang/java/src/java/org/apache/avro/io/DatumReader.java,1,1,1
lang/java/src/java/org/apache/avro/ipc/stats/StatsPlugin.java,3,246,141
lang/java/src/java/org/apache/avro/ipc/stats/StatsServer.java,1,54,0
lang/java/src/java/org/apache/avro/ipc/stats/StatsServlet.java,3,449,290
lang/java/src/test/java/org/apache/avro/ipc/stats/TestStatsPluginAndServlet.java,5,135,97
lang/java/src/java/org/apache/avro/generic/IndexedRecord.java,2,32,2
lang/java/src/java/org/apache/avro/mapred/AvroCollector.java,1,28,0
lang/java/src/java/org/apache/avro/mapred/AvroKey.java,1,25,0
lang/java/src/java/org/apache/avro/mapred/AvroKeyComparator.java,3,66,16
lang/java/src/java/org/apache/avro/mapred/AvroMapper.java,2,76,35
lang/java/src/java/org/apache/avro/mapred/AvroReducer.java,2,89,38
lang/java/src/java/org/apache/avro/mapred/AvroValue.java,1,25,0
lang/java/src/java/org/apache/avro/mapred/AvroWrapper.java,2,56,2
lang/java/src/java/org/apache/avro/mapred/HadoopCombiner.java,1,62,0
lang/java/src/java/org/apache/avro/mapred/HadoopMapper.java,1,83,0
lang/java/src/java/org/apache/avro/mapred/HadoopReducer.java,1,60,0
lang/java/src/java/org/apache/avro/mapred/HadoopReducerBase.java,1,63,0
lang/java/src/java/org/apache/avro/mapred/tether/TetherJob.java,2,158,2
lang/java/src/java/org/apache/avro/specific/SpecificDatumWriter.java,1,4,6
lang/java/src/test/java/org/apache/avro/mapred/TestWordCountGeneric.java,4,159,159
lang/java/src/test/java/org/apache/avro/mapred/tether/WordCountTask.java,2,71,14
lang/java/src/test/java/org/apache/avro/specific/TestSpecificData.java,2,79,0
lang/java/src/java/org/apache/avro/ipc/NettyServer.java,3,175,24
lang/java/src/java/org/apache/avro/ipc/DatagramServer.java,2,3,2
lang/java/src/java/org/apache/avro/ipc/HttpServer.java,1,21,8
lang/java/src/java/org/apache/avro/ipc/Server.java,1,6,0
lang/java/src/test/java/org/apache/avro/TestProtocolGenericMeta.java,2,3,1
lang/java/src/test/java/org/apache/avro/ipc/stats/StatsPluginOverhead.java,1,3,1
lang/java/src/test/java/org/apache/avro/io/TestResolvingIOResolving.java,7,116,43
lang/java/src/java/org/apache/avro/ipc/NettyTransceiver.java,1,264,0
lang/java/src/java/org/apache/avro/ipc/ByteBufferOutputStream.java,2,23,9
lang/java/src/java/org/apache/avro/ipc/RPCPlugin.java,1,6,4
lang/java/src/java/org/apache/avro/ipc/stats/Histogram.java,1,67,5
lang/java/src/java/org/apache/avro/ipc/stats/IntegerHistogram.java,1,55,0
lang/java/src/test/java/org/apache/avro/ipc/stats/TestHistogram.java,1,48,0
lang/java/src/java/org/apache/avro/tool/FromTextTool.java,1,99,0
lang/java/src/java/org/apache/avro/tool/ToTextTool.java,1,88,0
lang/java/src/java/org/apache/avro/tool/Util.java,2,68,6
lang/java/src/java/org/apache/avro/io/BinaryData.java,3,135,33
lang/java/src/java/org/apache/avro/mapred/AvroKeySerialization.java,2,153,9
lang/java/src/java/org/apache/avro/mapred/tether/TetherData.java,1,42,0
lang/java/src/java/org/apache/avro/mapred/tether/TetherInputFormat.java,1,58,0
lang/java/src/java/org/apache/avro/mapred/tether/TetherKeyComparator.java,1,61,0
lang/java/src/java/org/apache/avro/mapred/tether/TetherKeySerialization.java,1,91,0
lang/java/src/java/org/apache/avro/mapred/tether/TetherMapRunner.java,1,93,0
lang/java/src/java/org/apache/avro/mapred/tether/TetherOutputFormat.java,1,80,0
lang/java/src/java/org/apache/avro/mapred/tether/TetherPartitoner.java,1,59,0
lang/java/src/java/org/apache/avro/mapred/tether/TetherRecordReader.java,1,84,0
lang/java/src/java/org/apache/avro/mapred/tether/TetherReducer.java,1,82,0
lang/java/src/java/org/apache/avro/specific/SpecificResponder.java,3,8,13
lang/java/src/test/java/org/apache/avro/TestCompare.java,1,17,0
lang/java/src/test/java/org/apache/avro/mapred/TestWordCountSpecific.java,3,148,45
lang/java/src/java/org/apache/avro/Protocol.java,3,100,38
lang/java/src/java/org/apache/avro/ipc/Transceiver.java,1,29,1
lang/java/src/test/java/org/apache/avro/TestProtocolParsing.java,1,46,1
lang/java/src/java/org/apache/avro/mapred/AvroInputFormat.java,1,56,0
lang/java/src/java/org/apache/avro/mapred/FsInput.java,1,60,0
lang/java/src/java/org/apache/avro/generic/GenericResponder.java,1,4,2
lang/java/src/test/java/org/apache/avro/SimpleError.java,1,22,0
lang/java/src/java/org/apache/avro/reflect/Nullable.java,1,33,0
lang/java/src/java/org/apache/avro/file/Codec.java,4,65,15
lang/java/src/java/org/apache/avro/file/CodecFactory.java,2,76,0
lang/java/src/java/org/apache/avro/file/NullCodec.java,5,89,25
lang/java/src/java/org/apache/avro/io/BinaryDecoder.java,3,847,165
lang/java/src/java/org/apache/avro/io/Decoder.java,1,8,1
lang/java/src/java/org/apache/avro/io/DecoderFactory.java,1,232,0
lang/java/src/java/org/apache/avro/io/JsonDecoder.java,5,9,7
lang/java/src/java/org/apache/avro/tool/BinaryFragmentToJsonTool.java,1,3,2
lang/java/src/test/java/org/apache/avro/io/TestBlockingIO.java,1,1,1
lang/java/src/test/java/org/apache/avro/io/TestBlockingIO2.java,1,1,4
lang/java/src/test/java/org/apache/avro/io/TestValidatingIO.java,2,5,2
lang/java/src/test/java/org/apache/avro/generic/TestGenericDatumWriter.java,1,52,0
lang/java/src/java/org/apache/avro/io/parsing/JsonGrammarGenerator.java,4,11,13
lang/java/src/java/org/apache/avro/io/parsing/ValidatingGrammarGenerator.java,4,9,11
lang/java/src/test/java/org/apache/avro/tool/TestRpcReceiveAndSendTools.java,2,15,15
lang/java/src/java/org/apache/avro/ipc/DatagramTransceiver.java,1,2,1
lang/java/src/test/java/org/apache/avro/util/TestUtf8.java,1,32,0
lang/java/src/java/org/apache/avro/generic/GenericRecord.java,1,3,6
lang/java/src/java/org/apache/avro/specific/SpecificExceptionBase.java,1,1,1
lang/java/src/java/org/apache/avro/specific/SpecificRecord.java,1,2,4
lang/java/src/java/org/apache/avro/specific/SpecificRecordBase.java,1,6,1
lang/java/src/java/org/apache/avro/io/parsing/Symbol.java,9,217,49
lang/java/src/test/java/org/apache/avro/io/parsing/TestResolvingGrammarGenerator.java,1,93,0
lang/java/src/test/java/org/apache/avro/io/TestEncoders.java,2,55,0
lang/java/src/java/org/apache/avro/file/DataFileConstants.java,2,5,4
lang/java/src/java/org/apache/avro/file/LengthLimitedInputStream.java,1,85,0
lang/java/src/test/java/org/apache/avro/TestDataFileDeflate.java,1,64,0
lang/java/src/test/java/org/apache/avro/file/TestLengthLimitedInputStream.java,1,58,0
lang/java/src/java/org/apache/avro/reflect/InduceSchemaTool.java,1,1,2
lang/java/src/test/java/org/apache/avro/tool/TestMain.java,1,35,0
lang/java/src/test/java/org/apache/avro/genavro/TestGenAvro.java,1,1,1
lang/java/src/java/org/apache/avro/io/parsing/Parser.java,5,121,95
lang/java/src/java/org/apache/avro/io/parsing/SkipParser.java,5,11,10
lang/java/src/java/org/apache/avro/tool/GenAvroTool.java,1,1,1
lang/java/src/java/org/apache/avro/tool/Tool.java,1,1,1
src/java/org/apache/avro/ipc/Requestor.java,14,408,178
src/java/org/apache/avro/ipc/Responder.java,16,413,202
src/java/org/apache/avro/reflect/ReflectDatumReader.java,21,408,262
src/java/org/apache/avro/reflect/ReflectDatumWriter.java,23,279,154
src/java/org/apache/avro/reflect/ReflectRequestor.java,12,217,141
src/java/org/apache/avro/reflect/ReflectResponder.java,15,284,236
src/java/org/apache/avro/specific/SpecificDatumReader.java,16,363,274
src/java/org/apache/avro/specific/SpecificDatumWriter.java,11,125,67
src/java/org/apache/avro/specific/SpecificRequestor.java,12,191,84
src/java/org/apache/avro/specific/SpecificResponder.java,10,173,64
src/test/java/org/apache/avro/TestCompare.java,7,287,47
src/test/java/org/apache/avro/TestDataFile.java,16,408,206
src/test/java/org/apache/avro/TestDataFileReflect.java,9,285,100
src/test/java/org/apache/avro/TestReflect.java,22,595,177
src/java/org/apache/avro/generic/GenericData.java,20,822,333
src/test/java/org/apache/avro/generic/TestGenericData.java,1,36,0
src/java/org/apache/avro/generic/GenericDatumReader.java,25,1161,685
src/java/org/apache/avro/generic/GenericDatumWriter.java,15,509,311
src/java/org/apache/avro/generic/GenericRecord.java,6,69,39
src/test/java/org/apache/avro/TestProtocolGeneric.java,15,385,189
src/test/java/org/apache/avro/TestSchema.java,30,662,229
src/java/org/apache/avro/Protocol.java,19,786,398
src/java/org/apache/avro/Schema.java,33,1816,903
src/java/org/apache/avro/reflect/ReflectData.java,25,1021,608
src/java/org/apache/avro/specific/SpecificCompiler.java,29,1058,634
src/test/java/org/apache/avro/TestProtocolParsing.java,1,42,0
src/test/java/org/apache/avro/specific/TestSpecificCompiler.java,5,264,23
src/java/org/apache/avro/ipc/stats/FloatHistogram.java,1,54,0
src/java/org/apache/avro/ipc/stats/Histogram.java,1,205,0
src/java/org/apache/avro/ipc/stats/StatsPlugin.java,1,121,0
src/java/org/apache/avro/ipc/stats/StatsServlet.java,1,107,0
src/java/org/apache/avro/ipc/stats/Stopwatch.java,1,74,0
src/test/java/org/apache/avro/ipc/stats/FakeTicks.java,1,35,0
src/test/java/org/apache/avro/ipc/stats/StatsPluginOverhead.java,1,103,0
src/test/java/org/apache/avro/ipc/stats/TestHistogram.java,1,94,0
src/test/java/org/apache/avro/ipc/stats/TestStatsPluginAndServlet.java,1,180,0
src/test/java/org/apache/avro/ipc/stats/TestStopwatch.java,1,80,0
src/java/org/apache/avro/ipc/SocketServer.java,8,266,155
src/java/org/apache/avro/ipc/SocketTransceiver.java,7,195,97
src/java/org/apache/avro/ipc/LocalTransceiver.java,1,52,0
src/test/java/org/apache/avro/ipc/TestLocalTransceiver.java,1,64,0
src/java/org/apache/avro/io/JsonDecoder.java,5,464,40
src/java/org/apache/avro/tool/Main.java,7,93,12
src/java/org/apache/avro/tool/RpcReceiveTool.java,1,140,0
src/java/org/apache/avro/tool/RpcSendTool.java,1,98,0
src/java/org/apache/avro/tool/Util.java,2,57,0
src/test/java/org/apache/avro/tool/TestRpcReceiveAndSendTools.java,1,58,0
src/test/java/org/apache/avro/genavro/TestGenAvro.java,2,159,2
src/java/org/apache/avro/tool/GenAvroTool.java,1,78,0
src/java/org/apache/avro/ipc/RPCContext.java,3,175,18
src/test/java/org/apache/avro/RPCMetaTestPlugin.java,3,196,19
src/java/org/apache/avro/file/DataFileConstants.java,2,39,2
src/java/org/apache/avro/file/DataFileReader.java,11,535,386
src/java/org/apache/avro/file/DataFileStream.java,1,177,0
src/java/org/apache/avro/file/DataFileWriter.java,12,558,320
src/java/org/apache/avro/tool/DataFileReadTool.java,2,80,2
src/java/org/apache/avro/tool/DataFileWriteTool.java,2,84,2
src/test/java/org/apache/avro/RandomData.java,11,294,153
src/test/java/org/apache/avro/tool/TestDataFileTools.java,2,186,6
src/java/org/apache/avro/tool/BinaryFragmentToJsonTool.java,1,84,0
src/java/org/apache/avro/tool/DataFileGetSchemaTool.java,1,54,0
src/java/org/apache/avro/tool/JsonToBinaryFragmentTool.java,1,77,0
src/test/java/org/apache/avro/AvroTestUtil.java,1,32,0
src/test/java/org/apache/avro/tool/TestJsonToFromBinaryFragmentTools.java,1,66,0
src/java/org/apache/avro/reflect/InduceSchemaTool.java,4,84,7
src/java/org/apache/avro/tool/Tool.java,4,57,6
src/java/org/apache/avro/specific/SpecificRecordBase.java,5,86,37
src/java/org/apache/avro/reflect/Union.java,2,43,4
src/java/org/apache/avro/specific/SpecificData.java,10,306,48
src/java/org/apache/avro/reflect/Stringable.java,1,34,0
src/java/org/apache/avro/util/WeakIdentityHashMap.java,2,169,169
src/java/org/apache/avro/AvroRuntimeException.java,6,53,24
src/java/org/apache/avro/AvroTypeException.java,6,60,31
src/test/java/org/apache/avro/BarRecord.java,5,58,7
src/test/java/org/apache/avro/TestProtocolReflect.java,8,190,79
src/java/org/apache/avro/io/Encoder.java,3,12,10
src/java/org/apache/avro/ipc/Transceiver.java,6,87,43
src/java/org/apache/avro/generic/GenericRequestor.java,9,133,77
src/java/org/apache/avro/generic/GenericResponder.java,7,125,70
src/java/org/apache/avro/specific/SpecificFixed.java,3,29,1
src/java/org/apache/avro/specific/SpecificExceptionBase.java,4,48,4
src/java/org/apache/avro/file/SeekableFileInput.java,5,70,33
src/test/java/org/apache/avro/io/TestValidatingIO.java,6,1098,249
src/java/org/apache/avro/io/BlockingBinaryEncoder.java,3,8,11
src/java/org/apache/avro/ipc/HttpTransceiver.java,4,120,8
src/test/java/org/apache/avro/FooRecord.java,3,49,2
src/test/java/org/apache/avro/GenerateBlockingData.java,2,87,2
src/test/java/org/apache/avro/TestBulkData.java,2,119,4
src/test/java/org/apache/avro/TestNamespaceSpecific.java,2,99,8
src/test/java/org/apache/avro/TestProtocolHttp.java,2,41,1
src/test/java/org/apache/avro/TestProtocolSpecific.java,18,351,176
src/test/java/org/apache/avro/io/TestBinaryDecoder.java,2,19,19
src/test/java/org/apache/avro/io/TestBlockingIO.java,5,531,56
src/test/java/org/apache/avro/io/TestResolvingIO.java,5,556,345
src/java/org/apache/avro/SchemaParseException.java,5,50,24
src/java/org/apache/avro/ipc/HttpServer.java,2,85,26
src/java/org/apache/avro/ipc/ResponderServlet.java,1,56,0
src/test/java/org/apache/avro/TestFsData.java,8,299,299
src/java/org/apache/avro/specific/ProtocolTask.java,6,202,122
src/java/org/apache/avro/specific/SchemaTask.java,6,62,33
src/test/java/org/apache/avro/TestNamespaceReflect.java,1,39,0
src/java/org/apache/avro/io/JsonEncoder.java,4,249,10
src/java/org/apache/avro/io/parsing/JsonGrammarGenerator.java,3,104,2
src/java/org/apache/avro/io/parsing/Parser.java,3,168,2
src/java/org/apache/avro/io/parsing/Symbol.java,3,383,1
src/java/org/apache/avro/ipc/DatagramServer.java,1,79,0
src/java/org/apache/avro/ipc/DatagramTransceiver.java,1,84,0
src/java/org/apache/avro/ipc/RPCPlugin.java,2,78,4
src/java/org/apache/avro/ipc/Server.java,1,29,0
src/test/java/org/apache/avro/TestProtocolDatagram.java,1,42,0
src/java/org/apache/avro/io/ParsingEncoder.java,3,70,0
src/test/java/org/apache/avro/io/TestResolvingIO_resolving.java,2,120,0
src/java/org/apache/avro/io/BinaryData.java,3,281,89
src/java/org/apache/avro/generic/GenericArray.java,6,76,39
src/java/org/apache/avro/generic/GenericContainer.java,1,27,0
src/java/org/apache/avro/specific/SpecificRecord.java,6,63,35
src/java/org/apache/avro/util/Utf8.java,5,172,85
src/java/org/apache/avro/io/BinaryDecoder.java,4,308,7
src/java/org/apache/avro/io/Decoder.java,4,15,14
src/test/java/org/apache/avro/io/TestBlockingIO2.java,1,163,0
src/java/org/apache/avro/io/parsing/ResolvingGrammarGenerator.java,3,339,1
src/java/org/apache/avro/io/parsing/ValidatingGrammarGenerator.java,3,140,1
src/java/org/apache/avro/file/SeekableInput.java,5,78,41
src/java/org/apache/avro/reflect/FixedSize.java,3,40,3
src/test/java/org/apache/avro/TestProtocolGenericMeta.java,1,42,0
src/test/java/org/apache/avro/TestProtocolReflectMeta.java,1,45,0
src/test/java/org/apache/avro/TestProtocolSpecificMeta.java,1,46,0
src/test/java/org/apache/avro/test/TestInvocationReporter.java,2,35,35
src/test/java/org/apache/avro/test/TestOutputInterceptor.java,2,39,39
src/test/java/org/apache/avro/test/TestSuiteInterceptor.java,2,39,39
src/java/org/apache/avro/generic/GenericFixed.java,2,25,1
src/java/org/apache/avro/io/BinaryEncoder.java,3,269,18
src/java/org/apache/avro/io/DatumWriter.java,6,76,40
src/java/org/apache/avro/io/ParsingDecoder.java,2,75,0
src/java/org/apache/avro/io/ResolvingDecoder.java,3,292,88
src/java/org/apache/avro/io/ValidatingDecoder.java,3,434,204
src/java/org/apache/avro/io/ValidatingEncoder.java,3,308,105
src/java/org/apache/avro/io/parsing/SkipParser.java,2,97,2
src/java/org/apache/avro/ipc/AvroRemoteException.java,5,89,48
src/java/org/apache/avro/ipc/ByteBufferInputStream.java,7,174,87
src/java/org/apache/avro/ipc/ByteBufferOutputStream.java,5,182,91
src/java/org/apache/avro/io/ParsingTable.java,2,383,383
src/java/org/apache/avro/io/ResolvingTable.java,2,489,489
src/test/java/org/apache/avro/io/TestParsingTable.java,3,222,222
src/test/java/org/apache/avro/io/TestResolvingTable.java,3,406,406
src/java/org/apache/avro/io/DatumReader.java,5,81,43
src/test/java/org/apache/avro/io/TestValueReader.java,4,128,50
src/java/org/apache/avro/ipc/ByteBufferValueReader.java,5,82,82
src/java/org/apache/avro/ipc/ByteBufferValueWriter.java,5,88,88
src/java/org/apache/avro/io/BlockingValueWriter.java,1,622,0
src/java/org/apache/avro/io/ValueReader.java,5,688,217
src/java/org/apache/avro/io/ValueWriter.java,4,565,145
JsonSchema.java,4,272,272
JsonSchemaWalker.java,4,224,224
